-- MySQL dump 10.13  Distrib 5.1.61, for debian-linux-gnu (x86_64)
--
-- Host: localhost    Database: iafbm
-- ------------------------------------------------------
-- Server version	5.1.61-0ubuntu0.11.10.1

/*!40101 SET @OLD_CHARACTER_SET_CLIENT=@@CHARACTER_SET_CLIENT */;
/*!40101 SET @OLD_CHARACTER_SET_RESULTS=@@CHARACTER_SET_RESULTS */;
/*!40101 SET @OLD_COLLATION_CONNECTION=@@COLLATION_CONNECTION */;
/*!40101 SET NAMES utf8 */;
/*!40103 SET @OLD_TIME_ZONE=@@TIME_ZONE */;
/*!40103 SET TIME_ZONE='+00:00' */;
/*!40014 SET @OLD_UNIQUE_CHECKS=@@UNIQUE_CHECKS, UNIQUE_CHECKS=0 */;
/*!40014 SET @OLD_FOREIGN_KEY_CHECKS=@@FOREIGN_KEY_CHECKS, FOREIGN_KEY_CHECKS=0 */;
/*!40101 SET @OLD_SQL_MODE=@@SQL_MODE, SQL_MODE='NO_AUTO_VALUE_ON_ZERO' */;
/*!40111 SET @OLD_SQL_NOTES=@@SQL_NOTES, SQL_NOTES=0 */;

--
-- Table structure for table `pays`
--

DROP TABLE IF EXISTS `pays`;
/*!40101 SET @saved_cs_client     = @@character_set_client */;
/*!40101 SET character_set_client = utf8 */;
CREATE TABLE `pays` (
  `id` int(11) NOT NULL AUTO_INCREMENT,
  `actif` tinyint(1) NOT NULL DEFAULT '1',
  `code` varchar(2) COLLATE utf8_unicode_ci NOT NULL,
  `nom` varchar(100) COLLATE utf8_unicode_ci NOT NULL,
  `nom_en` varchar(100) COLLATE utf8_unicode_ci NOT NULL,
  PRIMARY KEY (`id`)
) ENGINE=InnoDB AUTO_INCREMENT=250 DEFAULT CHARSET=utf8 COLLATE=utf8_unicode_ci;
/*!40101 SET character_set_client = @saved_cs_client */;

--
-- Dumping data for table `pays`
--

LOCK TABLES `pays` WRITE;
/*!40000 ALTER TABLE `pays` DISABLE KEYS */;
INSERT INTO `pays` VALUES (1,1,'AF','Afghanistan','Afghanistan'),(2,1,'AX','Åland, Îles','Åland Islands'),(3,1,'AL','Albanie','Albania'),(4,1,'DZ','Algérie','Algeria'),(5,1,'AS','Samoa Américaines','American Samoa'),(6,1,'AD','Andorre','Andorra'),(7,1,'AO','Angola','Angola'),(8,1,'AI','Anguilla','Anguilla'),(9,1,'AQ','Antarctique','Antarctica'),(10,1,'AG','Antigua-Et-Barbuda','Antigua And Barbuda'),(11,1,'AR','Argentine','Argentina'),(12,1,'AM','Arménie','Armenia'),(13,1,'AW','Aruba','Aruba'),(14,1,'AU','Australie','Australia'),(15,1,'AT','Autriche','Austria'),(16,1,'AZ','Azerbaïdjan','Azerbaijan'),(17,1,'BS','Bahamas','Bahamas'),(18,1,'BH','Bahreïn','Bahrain'),(19,1,'BD','Bangladesh','Bangladesh'),(20,1,'BB','Barbade','Barbados'),(21,1,'BY','Bélarus','Belarus'),(22,1,'BE','Belgique','Belgium'),(23,1,'BZ','Belize','Belize'),(24,1,'BJ','Bénin','Benin'),(25,1,'BM','Bermudes','Bermuda'),(26,1,'BT','Bhoutan','Bhutan'),(27,1,'BO','Bolivie, L\'État Plurinational De','Bolivia, Plurinational State Of'),(28,1,'BQ','Bonaire, Saint-Eustache Et Saba','Bonaire, Sint Eustatius And Saba'),(29,1,'BA','Bosnie-Herzégovine','Bosnia And Herzegovina'),(30,1,'BW','Botswana','Botswana'),(31,1,'BV','Bouvet, Île','Bouvet Island'),(32,1,'BR','Brésil','Brazil'),(33,1,'IO','Océan Indien, Territoire Britannique De L\'','British Indian Ocean Territory'),(34,1,'BN','Brunei Darussalam','Brunei Darussalam'),(35,1,'BG','Bulgarie','Bulgaria'),(36,1,'BF','Burkina Faso','Burkina Faso'),(37,1,'BI','Burundi','Burundi'),(38,1,'KH','Cambodge','Cambodia'),(39,1,'CM','Cameroun','Cameroon'),(40,1,'CA','Canada','Canada'),(41,1,'CV','Cap-Vert','Cape Verde'),(42,1,'KY','Caïmans, Îles','Cayman Islands'),(43,1,'CF','Centrafricaine, République','Central African Republic'),(44,1,'TD','Tchad','Chad'),(45,1,'CL','Chili','Chile'),(46,1,'CN','Chine','China'),(47,1,'CX','Christmas, Île','Christmas Island'),(48,1,'CC','Cocos (Keeling), Îles','Cocos (Keeling) Islands'),(49,1,'CO','Colombie','Colombia'),(50,1,'KM','Comores','Comoros'),(51,1,'CG','Congo','Congo'),(52,1,'CD','Congo, La République Démocratique Du','Congo, The Democratic Republic Of The'),(53,1,'CK','Cook, Îles','Cook Islands'),(54,1,'CR','Costa Rica','Costa Rica'),(55,1,'CI','Côte D\'Ivoire','Côte D\'Ivoire'),(56,1,'HR','Croatie','Croatia'),(57,1,'CU','Cuba','Cuba'),(58,1,'CW','Curaçao','Curaçao'),(59,1,'CY','Chypre','Cyprus'),(60,1,'CZ','Tchèque, République','Czech Republic'),(61,1,'DK','Danemark','Denmark'),(62,1,'DJ','Djibouti','Djibouti'),(63,1,'DM','Dominique','Dominica'),(64,1,'DO','Dominicaine, République','Dominican Republic'),(65,1,'EC','Équateur','Ecuador'),(66,1,'EG','Égypte','Egypt'),(67,1,'SV','El Salvador','El Salvador'),(68,1,'GQ','Guinée Équatoriale','Equatorial Guinea'),(69,1,'ER','Érythrée','Eritrea'),(70,1,'EE','Estonie','Estonia'),(71,1,'ET','Éthiopie','Ethiopia'),(72,1,'FK','Falkland, Îles (Malvinas)','Falkland Islands (Malvinas)'),(73,1,'FO','Féroé, Îles','Faroe Islands'),(74,1,'FJ','Fidji','Fiji'),(75,1,'FI','Finlande','Finland'),(76,1,'FR','France','France'),(77,1,'GF','Guyane Française','French Guiana'),(78,1,'PF','Polynésie Française','French Polynesia'),(79,1,'TF','Terres Australes Françaises','French Southern Territories'),(80,1,'GA','Gabon','Gabon'),(81,1,'GM','Gambie','Gambia'),(82,1,'GE','Géorgie','Georgia'),(83,1,'DE','Allemagne','Germany'),(84,1,'GH','Ghana','Ghana'),(85,1,'GI','Gibraltar','Gibraltar'),(86,1,'GR','Grèce','Greece'),(87,1,'GL','Groenland','Greenland'),(88,1,'GD','Grenade','Grenada'),(89,1,'GP','Guadeloupe','Guadeloupe'),(90,1,'GU','Guam','Guam'),(91,1,'GT','Guatemala','Guatemala'),(92,1,'GG','Guernesey','Guernsey'),(93,1,'GN','Guinée','Guinea'),(94,1,'GW','Guinée-Bissau','Guinea-Bissau'),(95,1,'GY','Guyana','Guyana'),(96,1,'HT','Haïti','Haiti'),(97,1,'HM','Heard-Et-Îles Macdonald, Île','Heard Island And Mcdonald Islands'),(98,1,'VA','Saint-Siège (État De La Cité Du Vatican)','Holy See (Vatican City State)'),(99,1,'HN','Honduras','Honduras'),(100,1,'HK','Hong Kong','Hong Kong'),(101,1,'HU','Hongrie','Hungary'),(102,1,'IS','Islande','Iceland'),(103,1,'IN','Inde','India'),(104,1,'ID','Indonésie','Indonesia'),(105,1,'IR','Iran, République Islamique D\'','Iran, Islamic Republic Of'),(106,1,'IQ','Iraq','Iraq'),(107,1,'IE','Irlande','Ireland'),(108,1,'IM','Île De Man','Isle Of Man'),(109,1,'IL','Israël','Israel'),(110,1,'IT','Italie','Italy'),(111,1,'JM','Jamaïque','Jamaica'),(112,1,'JP','Japon','Japan'),(113,1,'JE','Jersey','Jersey'),(114,1,'JO','Jordanie','Jordan'),(115,1,'KZ','Kazakhstan','Kazakhstan'),(116,1,'KE','Kenya','Kenya'),(117,1,'KI','Kiribati','Kiribati'),(118,1,'KP','Corée, République Populaire Démocratique De','Korea, Democratic People\'S Republic Of'),(119,1,'KR','Corée, République De','Korea, Republic Of'),(120,1,'KW','Koweït','Kuwait'),(121,1,'KG','Kirghizistan','Kyrgyzstan'),(122,1,'LA','Lao, République Démocratique Populaire','Lao People\'S Democratic Republic'),(123,1,'LV','Lettonie','Latvia'),(124,1,'LB','Liban','Lebanon'),(125,1,'LS','Lesotho','Lesotho'),(126,1,'LR','Libéria','Liberia'),(127,1,'LY','Libye','Libya'),(128,1,'LI','Liechtenstein','Liechtenstein'),(129,1,'LT','Lituanie','Lithuania'),(130,1,'LU','Luxembourg','Luxembourg'),(131,1,'MO','Macao','Macao'),(132,1,'MK','Macédoine, L\'Ex-République Yougoslave De','Macedonia, The Former Yugoslav Republic Of'),(133,1,'MG','Madagascar','Madagascar'),(134,1,'MW','Malawi','Malawi'),(135,1,'MY','Malaisie','Malaysia'),(136,1,'MV','Maldives','Maldives'),(137,1,'ML','Mali','Mali'),(138,1,'MT','Malte','Malta'),(139,1,'MH','Marshall, Îles','Marshall Islands'),(140,1,'MQ','Martinique','Martinique'),(141,1,'MR','Mauritanie','Mauritania'),(142,1,'MU','Maurice','Mauritius'),(143,1,'YT','Mayotte','Mayotte'),(144,1,'MX','Mexique','Mexico'),(145,1,'FM','Micronésie, États Fédérés De','Micronesia, Federated States Of'),(146,1,'MD','Moldova, République De','Moldova, Republic Of'),(147,1,'MC','Monaco','Monaco'),(148,1,'MN','Mongolie','Mongolia'),(149,1,'ME','Monténégro','Montenegro'),(150,1,'MS','Montserrat','Montserrat'),(151,1,'MA','Maroc','Morocco'),(152,1,'MZ','Mozambique','Mozambique'),(153,1,'MM','Myanmar','Myanmar'),(154,1,'NA','Namibie','Namibia'),(155,1,'NR','Nauru','Nauru'),(156,1,'NP','Népal','Nepal'),(157,1,'NL','Pays-Bas','Netherlands'),(158,1,'NC','Nouvelle-Calédonie','New Caledonia'),(159,1,'NZ','Nouvelle-Zélande','New Zealand'),(160,1,'NI','Nicaragua','Nicaragua'),(161,1,'NE','Niger','Niger'),(162,1,'NG','Nigéria','Nigeria'),(163,1,'NU','Niué','Niue'),(164,1,'NF','Norfolk, Île','Norfolk Island'),(165,1,'MP','Mariannes Du Nord, Îles','Northern Mariana Islands'),(166,1,'NO','Norvège','Norway'),(167,1,'OM','Oman','Oman'),(168,1,'PK','Pakistan','Pakistan'),(169,1,'PW','Palaos','Palau'),(170,1,'PS','Palestinien Occupé, Territoire','Palestinian Territory, Occupied'),(171,1,'PA','Panama','Panama'),(172,1,'PG','Papouasie-Nouvelle-Guinée','Papua New Guinea'),(173,1,'PY','Paraguay','Paraguay'),(174,1,'PE','Pérou','Peru'),(175,1,'PH','Philippines','Philippines'),(176,1,'PN','Pitcairn','Pitcairn'),(177,1,'PL','Pologne','Poland'),(178,1,'PT','Portugal','Portugal'),(179,1,'PR','Porto Rico','Puerto Rico'),(180,1,'QA','Qatar','Qatar'),(181,1,'RE','Réunion','Réunion'),(182,1,'RO','Roumanie','Romania'),(183,1,'RU','Russie, Fédération De','Russian Federation'),(184,1,'RW','Rwanda','Rwanda'),(185,1,'BL','Saint-Barthélemy','Saint Barthélemy'),(186,1,'SH','Sainte-Hélène, Ascension Et Tristan Da Cunha','Saint Helena, Ascension And Tristan Da Cunha'),(187,1,'KN','Saint-Kitts-Et-Nevis','Saint Kitts And Nevis'),(188,1,'LC','Sainte-Lucie','Saint Lucia'),(189,1,'MF','Saint-Martin(Partie Française)','Saint Martin (French Part)'),(190,1,'PM','Saint-Pierre-Et-Miquelon','Saint Pierre And Miquelon'),(191,1,'VC','Saint-Vincent-Et-Les Grenadines','Saint Vincent And The Grenadines'),(192,1,'WS','Samoa','Samoa'),(193,1,'SM','Saint-Marin','San Marino'),(194,1,'ST','Sao Tomé-Et-Principe','Sao Tome And Principe'),(195,1,'SA','Arabie Saoudite','Saudi Arabia'),(196,1,'SN','Sénégal','Senegal'),(197,1,'RS','Serbie','Serbia'),(198,1,'SC','Seychelles','Seychelles'),(199,1,'SL','Sierra Leone','Sierra Leone'),(200,1,'SG','Singapour','Singapore'),(201,1,'SX','Saint-Martin (Partie Néerlandaise)','Sint Maarten (Dutch Part)'),(202,1,'SK','Slovaquie','Slovakia'),(203,1,'SI','Slovénie','Slovenia'),(204,1,'SB','Salomon, Îles','Solomon Islands'),(205,1,'SO','Somalie','Somalia'),(206,1,'ZA','Afrique Du Sud','South Africa'),(207,1,'GS','Géorgie Du Sud-Et-Les Îles Sandwich Du Sud','South Georgia And The South Sandwich Islands'),(208,1,'SS','Soudan Du Sud','South Sudan'),(209,1,'ES','Espagne','Spain'),(210,1,'LK','Sri Lanka','Sri Lanka'),(211,1,'SD','Soudan','Sudan'),(212,1,'SR','Suriname','Suriname'),(213,1,'SJ','Svalbard Et Île Jan Mayen','Svalbard And Jan Mayen'),(214,1,'SZ','Swaziland','Swaziland'),(215,1,'SE','Suède','Sweden'),(216,1,'CH','Suisse','Switzerland'),(217,1,'SY','Syrienne, République Arabe','Syrian Arab Republic'),(218,1,'TW','Taïwan, Province De Chine','Taiwan, Province Of China'),(219,1,'TJ','Tadjikistan','Tajikistan'),(220,1,'TZ','Tanzanie, République-Unie De','Tanzania, United Republic Of'),(221,1,'TH','Thaïlande','Thailand'),(222,1,'TL','Timor-Leste','Timor-Leste'),(223,1,'TG','Togo','Togo'),(224,1,'TK','Tokelau','Tokelau'),(225,1,'TO','Tonga','Tonga'),(226,1,'TT','Trinité-Et-Tobago','Trinidad And Tobago'),(227,1,'TN','Tunisie','Tunisia'),(228,1,'TR','Turquie','Turkey'),(229,1,'TM','Turkménistan','Turkmenistan'),(230,1,'TC','Turks-Et-Caïcos, Îles','Turks And Caicos Islands'),(231,1,'TV','Tuvalu','Tuvalu'),(232,1,'UG','Ouganda','Uganda'),(233,1,'UA','Ukraine','Ukraine'),(234,1,'AE','Émirats Arabes Unis','United Arab Emirates'),(235,1,'GB','Royaume-Uni','United Kingdom'),(236,1,'US','États-Unis','United States'),(237,1,'UM','Îles Mineures Éloignées Des États-Unis','United States Minor Outlying Islands'),(238,1,'UY','Uruguay','Uruguay'),(239,1,'UZ','Ouzbékistan','Uzbekistan'),(240,1,'VU','Vanuatu','Vanuatu'),(241,1,'VE','Venezuela, République Bolivarienne Du','Venezuela, Bolivarian Republic Of'),(242,1,'VN','Viet Nam','Viet Nam'),(243,1,'VG','Îles Vierges Britanniques','Virgin Islands, British'),(244,1,'VI','Îles Vierges Des États-Unis','Virgin Islands, U.S.'),(245,1,'WF','Wallis Et Futuna','Wallis And Futuna'),(246,1,'EH','Sahara Occidental','Western Sahara'),(247,1,'YE','Yémen','Yemen'),(248,1,'ZM','Zambie','Zambia'),(249,1,'ZW','Zimbabwe','Zimbabwe');
/*!40000 ALTER TABLE `pays` ENABLE KEYS */;
UNLOCK TABLES;

--
-- Table structure for table `adresses_types`
--

DROP TABLE IF EXISTS `adresses_types`;
/*!40101 SET @saved_cs_client     = @@character_set_client */;
/*!40101 SET character_set_client = utf8 */;
CREATE TABLE `adresses_types` (
  `id` int(11) NOT NULL AUTO_INCREMENT,
  `actif` tinyint(1) NOT NULL DEFAULT '1',
  `nom` varchar(16) COLLATE utf8_unicode_ci NOT NULL,
  PRIMARY KEY (`id`)
) ENGINE=InnoDB AUTO_INCREMENT=4 DEFAULT CHARSET=utf8 COLLATE=utf8_unicode_ci;
/*!40101 SET character_set_client = @saved_cs_client */;

--
-- Dumping data for table `adresses_types`
--

LOCK TABLES `adresses_types` WRITE;
/*!40000 ALTER TABLE `adresses_types` DISABLE KEYS */;
INSERT INTO `adresses_types` VALUES (1,1,'Professionnelle'),(2,1,'Privée'),(3,1,'Autre');
/*!40000 ALTER TABLE `adresses_types` ENABLE KEYS */;
UNLOCK TABLES;

--
-- Table structure for table `adresses`
--

DROP TABLE IF EXISTS `adresses`;
/*!40101 SET @saved_cs_client     = @@character_set_client */;
/*!40101 SET character_set_client = utf8 */;
CREATE TABLE `adresses` (
  `id` int(11) NOT NULL AUTO_INCREMENT,
  `actif` tinyint(1) NOT NULL DEFAULT '1',
  `adresse_type_id` int(11) NOT NULL,
  `rue` text COLLATE utf8_unicode_ci,
  `npa` varchar(255) COLLATE utf8_unicode_ci DEFAULT NULL,
  `lieu` varchar(255) COLLATE utf8_unicode_ci DEFAULT NULL,
  `pays_id` int(11) DEFAULT NULL,
  `geo_x` float DEFAULT NULL,
  `geo_y` float DEFAULT NULL,
  PRIMARY KEY (`id`),
  KEY `adresse_type_id` (`adresse_type_id`),
  CONSTRAINT `adresses_ibfk_1` FOREIGN KEY (`adresse_type_id`) REFERENCES `adresses_types` (`id`)
) ENGINE=InnoDB AUTO_INCREMENT=549 DEFAULT CHARSET=utf8 COLLATE=utf8_unicode_ci;
/*!40101 SET character_set_client = @saved_cs_client */;

--
-- Dumping data for table `adresses`
--

LOCK TABLES `adresses` WRITE;
/*!40000 ALTER TABLE `adresses` DISABLE KEYS */;
INSERT INTO `adresses` VALUES (1,1,1,'Rue des Alpes 2','1196','Gland',216,6.27511,46.418),(2,1,1,'Rue du Bugnon 9\nDépartement de biologie cellulaire et de morphologie','1005','Lausanne',216,6.64275,46.5201),(3,1,1,'Av. de France 15\nHôpital ophtalmique Jules-Gonin','1004','Lausanne',216,6.61795,46.53),(4,1,1,'CHUV\nService de gynécologie-obstétrique','1011','Lausanne',216,6.64189,46.5256),(5,1,1,'CHUV\nService de Génétique médicale','1011','Lausanne',216,6.64189,46.5256),(6,1,1,'Service de cardiologie\nCHUV\nDépartement de médecine','1011','Lausanne',216,6.64189,46.5256),(7,1,1,'Av. de France 15\nHôpital ophtalmique Jules Gonin','1004','Lausanne',216,6.61795,46.53),(8,1,1,'CHUV\nService d\'hématologie','1011','Lausanne',216,6.64189,46.5256),(9,1,1,'CHUV\nService de neurologie','1011','Lausanne',216,6.64189,46.5256),(10,1,1,'41, Crêt de Champel\nService de psychiatrie de l\'Enfant et de l\'Adolescent','1206','Genève',216,6.15754,46.1897),(11,1,1,'Case postale 1\nAHEAD SA','1008','Prilly',216,6.60456,46.537),(12,1,1,'Unité de Thérapie Génique & Biologie des Cellules Souches\nAv. de France 15\nCase postale 133\nHôpital ophtalmique Jules Gonin','1000','Lausanne 7',216,NULL,NULL),(13,1,1,'Rte de Soleure 13','2525','Le Landeron',216,7.06567,47.0548),(14,1,1,'CHUV\nService de pneumologie','1011','Lausanne',216,6.64189,46.5256),(15,1,1,'Rue du Bugnon 25A\nPédopsychiatrie de liaison','1011','Lausanne',216,6.64189,46.5256),(16,1,1,'CHUV\nAv. Pierre-Decker 2\nPédiatrie moléculaire','1011','Lausanne',216,6.64189,46.5256),(17,1,1,'Service d\'ophtalmologie\nAv. de France 15\nCase postale 133\nHôpital ophtalmique Jules Gonin','1000','Lausanne 7',216,NULL,NULL),(18,1,1,'BH07\nCHUV\nCentre de transplantation','1011','Lausanne',216,6.64189,46.5256),(19,1,1,'CHUV\nService de Chirurgie expérimentale','1011','Lausanne',216,6.64189,46.5256),(20,1,1,'Ch. des Falaises 1\nIUHMSP','1005','Lausanne',216,7.52276,47.0213),(21,1,1,'CHUV\nDivision d\'immunologie et d\'allergie','1011','Lausanne',216,6.64189,46.5256),(22,1,1,'Service de Médecine interne\nHôpital de Zone de Morges','1110','Morges',216,6.49438,46.513),(23,1,1,'Unité d\'hémato-oncologie\nCHUV\nService de pédiatrie','1011','Lausanne',216,6.64189,46.5256),(24,1,1,'Maternité, CI 04/209\nAv. Pierre-Decker 2\nService de Génétique médicale','1011','Lausanne',216,6.64189,46.5256),(25,1,1,'Hôpital Pitié-Salpêtrière\n83, Boulevard de l\'Hôpital\nService de Radiologie Polyvalente Diagnostique et Interventionnelle','F-75651','Paris Cedex 13',76,2.36005,48.8376),(26,1,1,'Quartier UNIL-Sorge\nBâtiment Amphipôle - B307\nInterface Sciences-Société','1015','Lausanne',216,6.56849,46.5196),(27,1,1,'Rue du Bugnon 25\nInstitut de pathologie','1011','Lausanne',216,6.64189,46.5256),(28,1,1,'Biopôle 1\nRoute de la Corniche 2\nInstitut universitaire de médecine sociale et préventive','1066','Epalinges',216,6.66662,46.5486),(29,1,1,'CHUV\nService d\'anesthésiologie','1011','Lausanne',216,6.64189,46.5256),(30,1,1,'CHUV\nService de psychiatrie de liaison','1011','Lausanne',216,6.64189,46.5256),(31,1,1,'Rue Saint-Martin 7\nCentre Saint Martin','1003','Lausanne',216,0.917136,47.3939),(32,1,1,'Av. Grand-Champsec 80\nCase postale 736\nHôpital de Sion','1951','Sion',216,NULL,NULL),(33,1,1,'National University of Singapore\n1 E Kent Ridge Road\nNUHS Tower Block\nDirector of academic Dermatology/Allergology','119228','Singapore',200,103.82,1.35208),(34,1,1,'CHUV\nRadiodiagnostic','1011','Lausanne',216,6.64189,46.5256),(35,1,1,'CHUV\nDivision de neuropsychologie','1011','Lausanne',216,6.64189,46.5256),(36,1,1,'Rue de la Gare 4','1030','Bussigny',216,6.55292,46.548),(37,1,1,'CHUV\nDivision autonome de médecine préventive hospitalière','1011','Lausanne',216,6.64189,46.5256),(38,1,1,'CHUV\nService de neurochirurgie','1011','Lausanne',216,6.64189,46.5256),(39,1,1,'Biopôle 1\nRoute de la Corniche 2\nInstitut de Médecine sociale et préventive','1066','Epalinges',216,6.66662,46.5486),(40,1,1,'Grand-Pré 1\nInstitut universitaire de radiophysique appliquée','1007','Lausanne',216,6.609,46.5161),(41,1,1,'CHUV\nMaladies infectieuses','1011','Lausanne',216,6.64189,46.5256),(42,1,1,'Rue du Bugnon 44\nPoliclinique médicale universitaire','1011','Lausanne',216,6.64189,46.5256),(43,1,1,'CHUV\nService de génétique médicale','1011','Lausanne',216,6.64189,46.5256),(44,1,1,'Site de Cery\nDépartement Universitaire de Psychiatrie Adulte','1008','Prilly',216,6.60456,46.537),(45,1,1,'Centre hospitalier du Chablais\nRte de Morgins 10\nInstitutions psychiatriques du Valais romand','1870','Monthey',216,6.95717,46.2564),(46,1,1,'CHUV - Hôpital Nestlé\nAv. Pierre-Decker 5\nService de soins palliatifs','1011','Lausanne',216,6.64189,46.5256),(47,1,1,'CHUV\nService d\'orthopédie et de traumatologie de l\'appareil moteur','1011','Lausanne',216,6.64189,46.5256),(48,1,1,'Service d\'ophtalmologie\nAv. de France 15\nCase postale 133\nHôpital Ophtalmique Jules Gonin','1000','Lausanne 7',216,NULL,NULL),(49,1,1,'CHUV\nService de médecine nucléaire','1011','Lausanne',216,6.64189,46.5256),(50,1,1,'CHUV\nLaboratoire de chimie clinique','1011','Lausanne',216,6.64189,46.5256),(51,1,1,'Centre de Neurosciences psychiatriques\nHôpital de Cery','1008','Prilly',216,6.60456,46.537),(52,1,1,'(Lausanne : Cypa/Genève : Cytopath)\nBiopôle 3\nRoute de la Corniche 9A\nDirectrice de la Pathologie Ouest','1066','Epalinges',216,6.66662,46.5486),(53,1,1,'Biopôle 1\nRoute de la Corniche 2\nIUMSP','1066','Epalinges',216,6.66662,46.5486),(54,1,1,'Institut de psychologie\n9, av. d\'Echallens\nPoliclinique du DP-CHUV','1004','Lausanne',216,6.61795,46.53),(55,1,1,'Ch. de la Source 15','1032','Romanel-Sur-Lausanne',216,6.60073,46.5632),(56,1,1,'Av. de Cour 51','1007','Lausanne',216,6.61824,46.5147),(57,1,1,'CHUV\nLaboratoire central de chimie clinique','1011','Lausanne',216,6.64189,46.5256),(58,1,1,'Rue du Bugnon 25\nInstitut de Pathologie','1011','Lausanne',216,6.64189,46.5256),(59,1,1,'CHUV\nService d\'ORL et de chirurgie cervico-faciale','1011','Lausanne',216,6.64189,46.5256),(60,1,1,'CHUV\nService d\'ORL et de chirurgie cervico-faciale','1011','Lausanne',216,6.64189,46.5256),(61,1,1,'Hôpital psychiatrique\nDUPA','1197','Prangins',216,6.25633,46.3983),(62,1,1,'HCUG\nRue Micheli-du-Crest 24\nDivision de médecine nucléaire','1211','Genève 14',216,NULL,NULL),(63,1,1,'CHUV\nService d\'Anesthésiologie','1011','Lausanne',216,6.64189,46.5256),(64,1,1,'Département de Médecine\nCHUV\nDivision de Pharmacologie clinique','1011','Lausanne',216,6.64189,46.5256),(65,1,1,'Biopôle 1\nRoute de la Corniche 2\nInstitut universitaire de médecine sociale et préventive','1066','Epalinges',216,6.66662,46.5486),(66,1,1,'Av. de la Colline\nHôpital intercantonal de la Broye','1530','Payerne',216,6.94775,46.8192),(67,1,1,'Rue du Bugnon 17\nInstitut de Médecine sociale et préventive','1005','Lausanne',216,6.64275,46.5201),(68,1,1,'CHUV\nService de Néphrologie','1011','Lausanne',216,6.64189,46.5256),(69,1,1,'5, av. Pierre-Decker\nHôpital Nestlé CHUV','1011','Lausanne',216,6.64189,46.5256),(70,1,1,'CHUV BH 10-555\nBugnon 46\nChef du Service des maladies infectieuses','1011','Lausanne',216,6.64189,46.5256),(71,1,1,'Hôpital de Cery\nCentre de neurosciences psychiatriques','1008','Prilly',216,6.60456,46.537),(72,1,1,'Rue du Bugnon 21\nInstitut universitaire de médecine légale','1011','Lausanne',216,6.64189,46.5256),(73,1,1,'CHUV\nService des maladies infectieuses','1011','Lausanne',216,6.64189,46.5256),(74,1,1,'Service de médecine\nHôpital intercantonal de la Broye','1530','Payerne',216,6.92897,46.8342),(75,1,1,'Sous la Roche 15','1312','Ecpépens',216,NULL,NULL),(76,1,1,'Ch. de Montétan 18\nHôpital de l\'enfance','1004','Lausanne',216,6.61795,46.53),(77,1,1,'CHUV\nService d\'orthopédie & de traumatologie de l\'appareil moteur','1011','Lausanne',216,6.64189,46.5256),(78,1,1,'Biopôle 1\nRoute de la Corniche 2\nIUMSP','1066','Epalinges',216,6.66662,46.5486),(79,1,1,'CHUV\nService d\'anesthésiologie','1011','Lausanne',216,6.64189,46.5256),(80,1,1,'Ch. de Monastier 15','1260','Nyon',216,6.22709,46.3841),(81,1,1,'CHUV\nRue du Bugnon 48\nInstitut de Microbiologie','1011','Lausanne',216,6.64189,46.5256),(82,1,1,'CHUV\nervice de neuropsychologie et de neuroréhabilitation','1011','Lausanne',216,6.64189,46.5256),(83,1,1,'CHUV\nServices des maladies infectieuses','1011','Lausanne',216,6.64189,46.5256),(84,1,1,'CHUV\nAv. de Beaumont 29\nDépartement de dermatologie','1011','Lausanne',216,6.64189,46.5256),(85,1,1,'Rue de la Gare 4','1030','Bussigny-Près-Lausanne',216,6.55292,46.548),(86,1,1,'Clinique de Cery\nDépartement universitaire de psychiatrie adulte','1008','Prilly',216,6.60456,46.537),(87,1,1,'Rue du Bugnon 44\nPoliclinique médicale universitaire','1011','Lausanne',216,6.64189,46.5256),(88,1,1,'CHUV\nService de chirurgie thoracique et vasculaire','1011','Lausanne',216,6.64189,46.5256),(89,1,1,'CHUV\nDépartement médico-chirurgical de pédiatrie Unité de soins intensifs médico-chirurgicaux de pédiatrie','1011','Lausanne',216,6.64189,46.5256),(90,1,1,'Unità di fisica medica\nOspedale San Giovanni\nIstituto oncologico della Svizzera italiana','6504','Bellinzona',216,9.02692,46.1985),(91,1,1,'Av. Pierre-Decker 4\nHôpital orthopédique de la Suisse romande','1011','Lausanne',216,6.64189,46.5256),(92,1,1,'CHUV\nService de rhumatologie, médecine physique et réhabilitation','1011','Lausanne',216,6.64189,46.5256),(93,1,1,'Rue du Bugnon 44\nPoliclinique médicale universitaire','1011','Lausanne',216,6.64189,46.5256),(94,1,1,'CHUV\nCentre de Traitement en Alcoologie','1011','Lausanne',216,6.64189,46.5256),(95,1,1,'Rue Jaran 1\nCabinet médical','1815','Clarens',216,NULL,NULL),(96,1,1,'Département de Chirurgie\nBeausite 49\nHôpital du Jura bernois','2740','Moutier',216,7.37085,47.2767),(97,1,1,'CHUV\nService de neurochirurgie','1011','Lausanne',216,6.64189,46.5256),(98,1,1,'Rue du Bugnon 19\nInstitut universitaire romand de Santé au Travail','1011','Lausanne',216,6.64189,46.5256),(99,1,1,'CHUV\nService de chirurgie pédiatrique','1011','Lausanne',216,6.64189,46.5256),(100,1,1,'Direction RHU\nCHUV\nService de rhumatologie et rééducation','1011','Lausanne',216,6.64189,46.5256),(101,1,1,'Rue du Bugnon 25\nInstitut universitaire de pathologie','1011','Lausanne',216,6.64189,46.5256),(102,1,1,'Bâtiment Hospitalier\nCHUV\nRadiodiagnostic','1011','Lausanne',216,6.64189,46.5256),(103,1,1,'Av. de Morges 10\nInstitut Universitaire de Psychothérapie','1004','Lausanne',216,6.61795,46.53),(104,1,1,'Rue Sadaz 5','1373','Chavornay',216,6.57208,46.7133),(105,1,1,'Centre d\'Antalgie\nRue du Bugnon 46\nService d\'Anesthésiologie','1011','Lausanne',216,6.64189,46.5256),(106,1,1,'CHUV\nDivision de pharmacologie et toxicologie cliniques','1011','Lausanne',216,6.64189,46.5256),(107,1,1,'CHUV\nDépartement des neurosciences cliniques','1011','Lausanne',216,6.64189,46.5256),(108,1,1,'CHUV\nDépartement de gynécologie-obstétrique','1011','Lausanne',216,6.64189,46.5256),(109,1,1,'CHUV\nService de gastro-entérologie et d\'hépatologie','1011','Lausanne',216,6.64189,46.5256),(110,1,1,'Av. C.-F. Ramuz 119','1009','Pully',216,6.63989,46.5101),(111,1,1,'CHUV\nService de chirurgie viscérale','1011','Lausanne',216,6.64189,46.5256),(112,1,1,'BH10 - 129\nCHUV\nDépartement des neurosciences cliniques','1011','Lausanne',216,6.64189,46.5256),(113,1,1,'CHUV\nService de radiodiagnostic et radiologie interventionnelle','1011','Lausanne',216,6.64189,46.5256),(114,1,1,'Policlinique du DP-CHUV\nAv. Recordon 40\nPsychiatrie générale','1004','Lausanne',216,6.61795,46.53),(115,1,1,'CHUV\nCardiologie pédiatrique','1011','Lausanne',216,6.64189,46.5256),(116,1,1,'Hôpital du Chablais','1860','Aigle',216,6.96439,46.3118),(117,1,1,'CHUV\nService de neurologie','1011','Lausanne',216,6.64189,46.5256),(118,1,1,'Centre des neurosciences psychiatriques\nSite de Cery\nunité de recherche sur la schizophrénie','1008','Prilly',216,6.60456,46.537),(119,1,1,'CHUV\nService de radiodiagnostic et radiologie interventionnelle','1011','Lausanne',216,6.64189,46.5256),(120,1,1,'Pavillon 3 CHUV\nAv. de Beaumont\nService de chirurgie viscérale','1011','Lausanne',216,6.64189,46.5256),(121,1,1,'Département de Médecine CHUV\nDivision de Gastro-Entérologie','1011','Lausanne',216,6.64189,46.5256),(122,1,1,'Pavillon Léon-Provancher\n2290 boulevard Hamelin\nUniversité du Québec - Sciences infirmières','Qc, G8Y 6Y3','Ca-Trois-Rivières',40,-72.6233,46.3632),(123,1,1,'CHUV\nService de neurologie','1011','Lausanne',216,6.64189,46.5256),(124,1,1,'CHUV\nBugnon 46\nService de neurologie et service d\'immunologie et d\'allergologie','1011','Lausanne',216,6.64189,46.5256),(125,1,1,'Biopôle 1\nRoute de la Corniche 2\nInstitut de Médecine sociale et préventive','1066','Epalinges',216,6.66662,46.5486),(126,1,1,'CHUV\nService d\'Hématologie','1011','Lausanne',216,6.64189,46.5256),(127,1,1,'CHUV\nService de rhumatologie et rééducation','1011','Lausanne',216,6.64189,46.5256),(128,1,1,'CHUV\nService de neurochirurgie','1011','Lausanne',216,6.64189,46.5256),(129,1,1,'Service de médecine interne\nHôpital du Jura\nDépartement de médecine','2800','Delémont',216,7.33247,47.3669),(130,1,1,'Av. Caroline 3\nImagerie médicale de Caroline','1003','Lausanne',216,6.63149,46.5208),(131,1,1,'Unité de biochimie et psychopharmacologie clinique\nSite de Cery\nDUPA','1008','Prilly',216,6.60456,46.537),(132,1,1,'CHUV\nService de Cardiologie','1011','Lausanne',216,6.64189,46.5256),(133,1,1,'GHOL-Hôital de Rolle\nRte de l\'Hôpital 26\nService de pneumologie','1180','Rolle',216,6.32915,46.4594),(134,1,1,'CHUV\nService des soins intensifs de chirurgie','1011','Lausanne',216,6.64189,46.5256),(135,1,1,'CHUV\nRue du Bugnon 46\nService de chirurgie plastique et reconstructive','1011','Lausanne',216,6.64189,46.5256),(136,1,1,'Service de médecine\nEntremonts 11\nEtablissements Hospitaliers du Nord Vaudois','1400','Yverdon',216,6.64249,46.7785),(137,1,1,'CHUV\nService de Pédiatrie','1011','Lausanne',216,6.64189,46.5256),(138,1,1,'Av. Pierre-Decker 4\nHôpital orthopédique de la Suisse romande','1011','Lausanne',216,6.64189,46.5256),(139,1,1,'Rue du Bugnon 44\nPoliclinique médicale universitaire','1011','Lausanne',216,6.64189,46.5256),(140,1,1,'CHUV\nInstitut de Physiopathologie clinique','1011','Lausanne',216,6.64189,46.5256),(141,1,1,'Ch. du Réservoir 36','1012','Lausanne',216,6.6588,46.5264),(142,1,1,'Rue du Bugnon 46\nService de chirurgie cardio-vasculaire','1011','Lausanne',216,6.64189,46.5256),(143,1,1,'CHUV\nInstitut universitaire de pathologie','1011','Lausanne',216,6.64189,46.5256),(144,1,1,'Hôpital régional de Sion\nAv. Grand-Champsec 80\nDépartement des urgences','1951','Sion',216,NULL,NULL),(145,1,1,'CHUV\nDivision de Pneumologie','1011','Lausanne',216,6.64189,46.5256),(146,1,1,'CHUV\nService de neurologie','1011','Lausanne',216,6.64189,46.5256),(147,1,1,'CHUV\nService de Médecine préventive hospitalière','1011','Lausanne',216,6.64189,46.5256),(148,1,1,'CHUV\nService de Chirurgie pédiatrique','1011','Lausanne',216,6.64189,46.5256),(149,1,1,'CHUV\nService de neuropsychologie et de neuroréhabilitation','1011','Lausanne',216,6.64189,46.5256),(150,1,1,'CHUV\nService de Cardiologie','1011','Lausanne',216,6.64189,46.5256),(151,1,1,'GHOL - Site de Nyon\nCh. Monastier 10\nService de médecine interne et soins intensifs','1260','Nyon',216,6.22987,46.3805),(152,1,1,'Ospedale Regionale di Locarno\nVia Ospedale\nServizio di nefrologia','6600','Locarno',216,8.78765,46.1663),(153,1,1,'Site de Cery\nService de médecine pénitentiaire','1008','Prilly',216,6.60456,46.537),(154,1,1,'Hôpital de Cery\nUnité d\'expertise psychiatrique','1008','Prilly',216,6.60456,46.537),(155,1,1,'Hôpital cantonal de Fribourg\nClinique de chirurgie orthopédique','1708','Fribourg',216,7.14557,46.8017),(156,1,1,'CHUV\nService de pédiatrie','1011','Lausanne',216,6.64189,46.5256),(157,1,1,'CHUV\nService des maladies infectieuses','1011','Lausanne',216,6.64189,46.5256),(158,1,1,'CHUV\nService de Neurologie','1011','Lausanne',216,6.64189,46.5256),(159,1,1,'Rue Caroline 23\nVision Lausanne AG','1003','Lausanne',216,6.63149,46.5208),(160,1,1,'Hôpital de Prilly\nRoute du Mont\nService universitaire de Psychogériatrie','1008','Prilly',216,6.60456,46.537),(161,1,1,'Rte de Bossonnens','1607','Palezieux',216,6.83973,46.5438),(162,1,1,'Service de Pédiatrie\nCHUV\nUnité de néphrologie pédiatrique','1011','Lausanne',216,6.64189,46.5256),(163,1,1,'CHUV\nService de cardiologie','1011','Lausanne',216,6.64189,46.5256),(164,1,1,'Rue du Bugnon 44\nService d\'endocrinologie, diabétologie et métabolisme','1011','Lausanne',216,6.64189,46.5256),(165,1,1,'CHUV\nCentre de traitement en alcoologie','1011','Lausanne',216,6.64189,46.5256),(166,1,1,'Faculté des sciences infirmières\nPavillon Marguerite d\'Youville\nSucc. Centre-Ville\nUni de Montréal, CP 6128','Qc, H3C 3J7','Ca-Montréal',40,-73.56,45.4962),(167,1,1,'Psychiatrie Pénitentiaires\nSite de Cery\nService de Médecine et','1008','Prilly',216,6.60456,46.537),(168,1,1,'Rue César-Roux 19\nDépartement de Formation et Recherche','1005','Lausanne',216,6.64275,46.5201),(169,1,1,'Av. Pierre-Decker 4\nHôpital orthopédique de la Suisse romande','1005','Lausanne',216,6.64275,46.5201),(170,1,1,'Rue du Bugnon 48\nInstitut de Microbiologie','1011','Lausanne',216,6.64189,46.5256),(171,1,1,'Département médico-chirurgical de pédiatrie\nCHUV\nUnité d\'onco-hématologie','1011','Lausanne',216,6.64189,46.5256),(172,1,1,'Département de médecine interne\nCHUV\nDivision d\'hypertension & de médecine vasculaire','1011','Lausanne',216,6.64189,46.5256),(173,1,1,'CHUV\nService de radiodiagnostic et radiologie interventionnelle','1011','Lausanne',216,6.64189,46.5256),(174,1,1,'Av. de France 15\nCase postale 133\nHôpital ophtalmiques Jules Gonin','1000','Lausanne',216,6.68096,46.5675),(175,1,1,'Rue du Bugnon 25\nInstitut de Pathologie','1011','Lausanne',216,6.64189,46.5256),(176,1,1,'Rue du Bugnon 7A\nc/o Département de Physiologie','1005','Lausanne',216,6.64275,46.5201),(177,1,1,'Rue du Bugnon 46\nCHUV\nDpt Médico-chirurgical de pédiatrie','1011','Lausanne',216,6.64189,46.5256),(178,1,1,'CHUV\nRadiodiagnostic','1011','Lausanne',216,6.64189,46.5256),(179,1,1,'CHUV\nService de chirurgie viscérale','1011','Lausanne',216,6.64189,46.5256),(180,1,1,'Rue du Bugnon 17\nInstitut universitaire de médecine sociale et préventive','1011','Lausanne',216,6.64189,46.5256),(181,1,1,'Rue du Bugnon 23 A\nService de Psychiatrie de l\'Enfant & de l\'Adolescent','1005','Lausanne',216,6.64275,46.5201),(182,1,1,'CHUV\nService de chirurgie','1011','Lausanne',216,6.64189,46.5256),(183,1,1,'BH 15-303\nCHUV\nService de chirurgie thoracique et vasculaire','1011','Lausanne',216,6.64189,46.5256),(184,1,1,'Av. de France 15\nHôpital ophtalmique Jules-Gonin','1004','Lausanne',216,6.61795,46.53),(185,1,1,'DAL\nAv. Pierre-Decker 4\nCentre des maladies osseuses','1011','Lausanne',216,6.64189,46.5256),(186,1,1,'CHUV\nService d\'immunologie et allergie','1011','Lausanne',216,6.64189,46.5256),(187,1,1,'Rue du Bugnon 44\nInstitut de Microbiologie','1011','Lausanne',216,6.64189,46.5256),(188,1,1,'CHUV\nService d\'angiologie','1011','Lausanne',216,6.64189,46.5256),(189,1,1,'CHUV\nService de neurochirurgie','1011','Lausanne',216,6.64189,46.5256),(190,1,1,'Centre d\'investigation et de recherche sur le sommeil (CIRS)\nCHUV, BH 06-204\nService de pneumologie','1011','Lausanne',216,6.64189,46.5256),(191,1,1,'Ch. des Croisettes 8','1066','Epalinges',216,6.66019,46.5436),(192,1,1,'CHUV\nService de neurologie','1011','Lausanne',216,6.64189,46.5256),(193,1,1,'Rue du Bugnon 21\nInstitut universitaire de médecine légale','1011','Lausanne',216,6.64189,46.5256),(194,1,1,'CHUV\nService de Vénéréo-Dermatologie','1011','Lausanne',216,6.64189,46.5256),(195,1,1,'CHUV\nService de chirurgie pédiatrique','1011','Lausanne',216,6.64189,46.5256),(196,1,1,'Département de Gynécologie-Obstétrique\nCHUV\nService d\'Obstétrique','1011','Lausanne',216,6.64189,46.5256),(197,1,1,'Avenue de Beaumont 48\nCentre Thérapeutique de Jour pour Adolescents','1012','Lausanne',216,6.65737,46.5277),(198,1,1,'Hôpital de la Ville\nRue du Chasseral 20\nService de chirurgie orthopédique et de traumatologie de l\'appareil locomoteur','2300','La Chaux-De-Fonds',216,6.84057,47.1177),(199,1,1,'CHUV\nService de dermatologie','1011','Lausanne',216,6.64189,46.5256),(200,1,1,'CHUV\nService de cardiologie','1011','Lausanne',216,6.64189,46.5256),(201,1,1,'CHUV\nService de cardiologie','1011','Lausanne',216,6.64189,46.5256),(202,1,1,'Biopôle 1\nRoute de la Corniche 2\nInstitut universitaire de médecine sociale et préventive','1066','Epalinges',216,6.66662,46.5486),(203,1,1,'CHUV\nService d\'Urologie','1011','Lausanne',216,6.64189,46.5256),(204,1,1,'Avenue Pierre Decker 4\nHôpital orthopédique de la Suisse romande','1011','Lausanne',216,6.64189,46.5256),(205,1,1,'CHUV\nService de médecine intensive adulte','1011','Lausanne',216,6.64189,46.5256),(206,1,1,'CHUV\nService de chirurgie pédiatrique','1011','Lausanne',216,6.64189,46.5256),(207,1,1,'Rue du Bugnon 25\nInstitut de Pathologie','1011','Lausanne',216,6.64189,46.5256),(208,1,1,'Rte de Cossonay 28B\nCP 188','1008','Prilly',216,6.60456,46.537),(209,1,1,'Hôpital ophtalmique\nAv. de France 15\nCase postale 133\nService universitaire d\'ophtalmologie','1000','Lausanne 7',216,NULL,NULL),(210,1,1,'CHUV\nService d\'anesthésiologie','1011','Lausanne',216,6.64189,46.5256),(211,1,1,'CHUV\nService de Radio-Oncologie','1011','Lausanne',216,6.64189,46.5256),(212,1,1,'Neuro-imagerie\nCHUV\nSevice de neurologie','1011','Lausanne',216,6.64189,46.5256),(213,1,1,'Service d\'ophtalmologie\nAvenue de France 15\nCase postale 133\nHôpital ophtalmique Jules Gonin','1000','Lausanne 7',216,NULL,NULL),(214,1,1,'Rue du Bugnon 46\nService de neurologie','1011','Lausanne',216,6.64189,46.5256),(215,1,1,'Service de rhumatologie\nAv. Pierre-Decker 4\nCentre des maladies osseuses','1011','Lausanne',216,6.64189,46.5256),(216,1,1,'HNE-La Chaux-de-Fonds\nRue du Chasseral 20\nService de médecine interne','2300','La Chaux-De-Fonds',216,6.84057,47.1177),(217,1,1,'CHUV\nService de Neurologie','1011','Lausanne',216,6.64189,46.5256),(218,1,1,'Rue du Bugnon 48\nInstitut de Microbiologie','1011','Lausanne',216,6.64189,46.5256),(219,1,1,'Biopôle 1\nRoute de la Corniche 2\nInstitut universitaire de médecine sociale et préventive','1066','Epalinges',216,6.66662,46.5486),(220,1,1,'Département de Médecine\nCHUV\nService de Médecine interne A','1011','Lausanne',216,6.64189,46.5256),(221,1,1,'222 rue Gariépy',NULL,'Victoriaville (Qc)',40,NULL,NULL),(222,1,1,'Service de Pédiatrie\nRue de la Maladière 45\nHôpital Pourtalès','2000','Neuchâtel',216,6.93441,46.9996),(223,1,1,'CHUV\nService de pneumologie','1011','Lausanne',216,6.64189,46.5256),(224,1,1,'Rue du Bugnon 25\nInstitut de pathologie','1011','Lausanne',216,6.64189,46.5256),(225,1,1,'Hôpital Régional\nCentre des Urgences','6500','Bellinzona',216,9.03544,46.1927),(226,1,1,'Hôpital de Prilly\nRte du Mont\nService de psycho-gériatrie','1008','Prilly',216,6.60456,46.537),(227,1,1,'Biopôle 1\nRoute de la Corniche 2\nInstitut universitaire de médecine sociale et préventive','1066','Epalinges',216,6.66662,46.5486),(228,1,1,'CHUV\nService de Neurochirurgie','1011','Lausanne',216,6.64189,46.5256),(229,1,1,'CHUV\nCentre pluridisciplinaire d\'Oncologie','1011','Lausanne',216,6.64189,46.5256),(230,1,1,'CHUV\nChef du Département de l\'appareil locomoteur','1011','Lausanne',216,6.64189,46.5256),(231,1,1,'Département de médecine\nCHUV\nService de médecine intensive adulte','1011','Lausanne',216,6.64189,46.5256),(232,1,1,'Rue du Bugnon 44\nPoliclinique médicale universitaire','1011','Lausanne',216,6.64189,46.5256),(233,1,1,'Service de réadaptation de l\'appareil locomoteur\nAv. Grand-Champsec 90\nClinique romande de réadaptation','1951','Sion',216,NULL,NULL),(234,1,1,'César Roux 19\nInstitut universitaire de médecine sociale et préventive','1005','Lausanne',216,6.64275,46.5201),(235,1,1,'Rue du Bugnon\nCHUV\nService de chirurgie pédiatrique','1011','Lausanne',216,6.64189,46.5256),(236,1,1,'CHUV\nService de Radiodiagnostic & Radiologie interventionnelle','1011','Lausanne',216,6.64189,46.5256),(237,1,1,'Site de Cery\nCNPC','1008','Prilly',216,6.60456,46.537),(238,1,1,'Service d\'anesthésiologie et réanimation\nHFR Fribourg - Hôpital cantonal','1708','Fribourg',216,7.14557,46.8017),(239,1,1,'Ch. des Falaises 1\nHistoire de la médecine (IUHMSP)','1005','Lausanne',216,6.64275,46.5201),(240,1,1,'Av. de France 15\nCase postale 133\nHôpital ophtalmique Jules Gonin','1000','Lausanne 7',216,NULL,NULL),(241,1,1,'Rue du Bugnon 21\nInstitut de Médecine légale','1011','Lausanne',216,6.64189,46.5256),(242,1,1,'Biopôle 1\nRoute de la Corniche 2\nInstitut de Médecine sociale et préventive','1066','Epalinges',216,6.66662,46.5486),(243,1,1,'CHUV\nService des maladies infectieuses','1011','Lausanne',216,6.64189,46.5256),(244,1,1,'Département de psychiatrie\nHôpital de Cery\nCentre de Neurosciences psychiatriques','1008','Prilly',216,6.60456,46.537),(245,1,1,'BH 19.105\nCHUV\nService de pneumologie','1011','Lausanne',216,6.64189,46.5256),(246,1,1,'Hôpital de Cery\nCentre des neurosciences psychiatriques','1008','Prilly',216,6.60456,46.537),(247,1,1,'CHUV\nService de chirurgie cardio-vasculaire','1011','Lausanne',216,6.64189,46.5256),(248,1,1,'CHUV\nService de chirurgie générale','1011','Lausanne',216,6.64189,46.5256),(249,1,1,'CHUV\nService de radio-oncologie','1011','Lausanne',216,6.64189,46.5256),(250,1,1,'Département de Médecine\nCHUV\nDivision de soins palliatifs','1011','Lausanne',216,6.64189,46.5256),(251,1,1,'CHUV\nService de néphrologie','1011','Lausanne',216,6.64189,46.5256),(252,1,1,'CHUV\nDépartement médico-chirurgical de pédiatrie','1011','Lausanne',216,6.64189,46.5256),(253,1,1,'CHUV\nService de radiodiagnostic et radiologie interventionnelle','1011','Lausanne',216,6.64189,46.5256),(254,1,1,'CHUV\nService de radiodiagnostic & radiologie interventionnelle','1011','Lausanne',216,6.64189,46.5256),(255,1,1,'CHUV\nInstitut de microbiologie','1011','Lausanne',216,6.64189,46.5256),(256,1,1,'Rue Neuve 7\nMédecine générale FMH','1260','Nyon',216,6.22987,46.3805),(257,1,1,'Rue du Bugnon 21\nCentre universitaire romand de médecine légale','1011','Lausanne',216,6.64189,46.5256),(258,1,1,'CHUV\nAv. de Beaumont 48A\nUMSA','1011','Lausanne',216,6.64189,46.5256),(259,1,1,'Hôpital cantonal de Fribourg\nCh. des Pensionnats\nClinique de chirurgie','1708','Fribourg',216,7.14557,46.8017),(260,1,1,'Av. d\'Echallens 9\nPsychiatre-Psychothérapeute FMH','1004','Lausanne',216,6.61795,46.53),(261,1,1,'CHUV\nService de Neurologie','1011','Lausanne',216,6.64189,46.5256),(262,1,1,'Quartier UNIL-Sorge\nBâtiment Génopode\nSwiss Institute of Bioinformatics','1015','Lausanne',216,6.56849,46.5196),(263,1,1,'CHUV\nService de Radio-Oncologie','1011','Lausanne',216,6.64189,46.5256),(264,1,1,'Grand-Pré 1\nInstitut de radiophysique appliquée','1007','Lausanne',216,6.609,46.5161),(265,1,1,'CHUV\nService ORL & de Chirurgie cervico-faciale','1011','Lausanne',216,6.64189,46.5256),(266,1,1,'CHUV\nService de Dermatologie','1011','Lausanne',216,6.64189,46.5256),(267,1,1,'CHUV\nChimie clinique','1011','Lausanne',216,6.64189,46.5256),(268,1,1,'CHUV\nService de gastro-entérologie et hépatologie','1011','Lausanne',216,6.64189,46.5256),(269,1,1,'Institut universitaire de formation et de recherche en soins IUFRS\nRue César-Roux 19','1005','Lausanne',216,6.63805,46.5244),(270,1,1,'CHUV\nService de gastro-entérologie et hépatologie','1011','Lausanne',216,6.64189,46.5256),(271,1,1,'Av. d\'Ouchy 31\nHirslanden, Clinique Bois-Cerf','1006','Lausanne',216,6.63603,46.5097),(272,1,1,'Av. de la Gare 6\nCP 269','1880','Bex',216,7.06719,46.2499),(273,1,1,'CHUV/BH/08/657\nRue du Bugnon 46\nService de cardiologie','1011','Lausanne',216,6.64189,46.5256),(274,1,1,'Av. de France 15\nCase postale 133\nHôpital ophtalmique','1000','Lausanne 7',216,NULL,NULL),(275,1,1,'CHUV\nService d\'urologie','1011','Lausanne',216,6.64189,46.5256),(276,1,1,'Department of Education\nConsulting and Development\nPO Box\nCentre of Psychiatry Rheinau','8462','Rheinau',216,8.60194,47.6434),(277,1,1,'Rue du Bugnon 46\nPédiatrie - CHUV','1011','Lausanne',216,6.64189,46.5256),(278,1,1,'CHUV\nService de pneumologie','1011','Lausanne',216,6.64189,46.5256),(279,1,1,'CHUV\nDépartement de Médecine interne','1011','Lausanne',216,6.64189,46.5256),(280,1,1,'CHUV\nDivision d\'Hypertension & de Médecine vasculaire du DMI','1011','Lausanne',216,6.64189,46.5256),(281,1,1,'DMCP\nRue du Bugnon 46\nUnité de gastro-entérologie pédiatrique','1011','Lausanne',216,6.64189,46.5256),(282,1,1,'Av. Léopold-Robert 66','2300','La Chaux-De-Fonds',216,6.82403,47.0996),(283,1,1,'CHUV\nService de médecine intensive adulte','1011','Lausanne',216,6.64189,46.5256),(284,1,1,'Hôpital du Chablais - Site d\'Aigle\nService de pédiatrie','1860','Aigle',216,6.96426,46.3188),(285,1,1,'Spéc. Chir. Orthopédique et traumatologie\nde l\'appareil locomoteur\nEHC, Hôpital de Morges','1110','Morges',216,6.49438,46.513),(286,1,1,'Site du Samaritain\nBd Paderewski 3\nService de Pédiatrie','1800','Vevey',216,6.84785,46.4633),(287,1,1,'Rue du Bugnon 21\nFondation Claude Verdan','1011','Lausanne',216,6.64061,46.525),(288,1,1,'Département de Médecine\nCHUV\nDivision d\'Allergologie & d\'Immunologie clinique','1011','Lausanne',216,6.64189,46.5256),(289,1,1,'Rue Charles-Humbert 8\nCH8 - Centre de Chirurgie et Thérapie de la Main','1205','Genève',216,6.14648,46.1903),(290,1,1,'CHUV\nService ORL et de chirurgie cervico-faciale','1011','Lausanne',216,6.64189,46.5256),(291,1,1,'Département de médecine\nRue du Bugnon 27\nUnité de cardiologie expérimentale','1011','Lausanne',216,6.64189,46.5256),(292,1,1,'Rue du Village','1967','Bramois',216,7.40476,46.2322),(293,1,1,'Av. de Rumine 7','1005','Lausanne',216,6.63881,46.5177),(294,1,1,'Quartien UNIL-Epalinges\nch. des Boveresses 155\nCentre pluridisciplinaire d\'Oncologie','1066','Epalinges',216,6.66662,46.5486),(295,1,1,'Rue du Bugnon 17\nIUMSP','1005','Lausanne',216,6.64275,46.5201),(296,1,1,'Site du Samaritain\nBd Paderewski 3\nHôpital Riviera','1800','Vevey',216,6.84785,46.4633),(297,1,1,'CHUV\nService de radio-oncologie','1011','Lausanne',216,6.64189,46.5256),(298,1,1,'Unité de recherche\nRue du Bugnon 25A\nSUPEA','1005','Lausanne',216,6.64275,46.5201),(299,1,1,'Av. Fosseau 6','1896','Vouvry',216,6.88876,46.339),(300,1,1,'CHUV\nService d\'endocrinologie & du métabolisme','1011','Lausanne',216,6.64189,46.5256),(301,1,1,'GHOL\nCh. du Monastier 10\nHôpital de Nyon','1260','Nyon',216,6.22987,46.3805),(302,1,1,'CHUV\nService de neurochirurgie','1011','Lausanne',216,6.64189,46.5256),(303,1,1,'CHUV\nService d\'endocrinologie & du métabolisme du DMI','1011','Lausanne',216,6.64189,46.5256),(304,1,1,'Département de Médecine\nCHUV\nDivision d\'Endocrinologie,  Diabétologie & Métabolisme','1011','Lausanne',216,6.64189,46.5256),(305,1,1,'Site de Cery\nDUPA','1008','Prilly',216,6.60456,46.537),(306,1,1,'Hôpital du Chablais','1870','Monthey',216,6.9411,46.2515),(307,1,1,'Rue du Bugnon 48\nInstitut de microbiologie','1011','Lausanne',216,6.64189,46.5256),(308,1,1,'CHUV\nDivision d\'endocrinologie, diabétologie et du métabolisme','1011','Lausanne',216,6.64189,46.5256),(309,1,1,'CHUV\nService de radiodiagnostic et radiologie interventionnelle','1011','Lausanne',216,6.64189,46.5256),(310,1,1,'CHUV\nService de médecine intensive adulte','1011','Lausanne',216,6.64189,46.5256),(311,1,1,'CHUV\nService de chirurgie plastique et reconstructive','1011','Lausanne',216,6.64189,46.5256),(312,1,1,'Rue César-Roux 19\nInstitut universitaire de formation et de recherche en soins IUFRS','1005','Lausanne',216,6.64275,46.5201),(313,1,1,'Hôpital de Sion\nAv. Grand-Champsec\nDépartement d\'Anesthésiologie','1950','Sion',216,7.35333,46.227),(314,1,1,'CHUV\nService de Chirurgie pédiatrique','1011','Lausanne',216,6.64189,46.5256),(315,1,1,'CHUV\nDépartement de gynécologie-obstétriqu','1011','Lausanne',216,6.64189,46.5256),(316,1,1,'CHUV\nServcie de médecine intensive adulte','1011','Lausanne',216,6.64189,46.5256),(317,1,1,'Mont-Paisible 14\nCHUV\nEtude Suisse de Cohorte VIH','1011','Lausanne',216,6.64189,46.5256),(318,1,1,'eHnv\nHôpital de St-Loup\nService de médecine interne et soins intensifs médico-chirurgicaux','1318','Pompaples',216,6.51072,46.6669),(319,1,1,'Rue du Bugnon 21\nInsitut universitaire romand de Santé au Travail','1011','Lausanne',216,6.64189,46.5256),(320,1,1,'CHUV\nService de Chirurgie thoracique et vasculaire','1011','Lausanne',216,6.64189,46.5256),(321,1,1,'Rue César-Roux 19\nDépartement de Formation et Recherche','1005','Lausanne',216,6.64275,46.5201),(322,1,1,'Hôpital de l\'Ile\nUniversité de Berne\nHochschulstrasse 4\nClinique Universitaire et Policlinique de Médecine Interne Générale','3012','Berne',216,7.42733,46.9589),(323,1,1,'CHUV\nService des maladies infectieuses','1011','Lausanne',216,6.64189,46.5256),(324,1,1,'Rue de la Tour-Maîtresse 7','1204','Genève',216,6.15162,46.2024),(325,1,1,'Rue du Bugnon 7A\nPhysiopathologie','1005','Lausanne',216,6.64275,46.5201),(326,1,1,'Ch. du Village 12','1195','Bursinel',216,6.30418,46.4376),(327,1,1,'CHUV\nService de neurologie','1011','Lausanne',216,6.64189,46.5256),(328,1,1,'Clinique infantile\nCHUV\nNéonatologie','1011','Lausanne',216,6.64189,46.5256),(329,1,1,'Unité de Neuropédiatrie\nCHUV\nService de Pédiatrie','1011','Lausanne',216,6.64189,46.5256),(330,1,1,'CHUV\nService de chirurgie cardio-vasculaire','1011','Lausanne',216,6.64189,46.5256),(331,1,1,'Université de Fribourg\nRue Albert Gockel 1\nFaculté des sciences','1700','Fribourg',216,7.14557,46.8017),(332,1,1,'c/o Hôpital Orthopédique, niv 5, labo 1532\nAv. Pierre-Decker 4\nDépartement de Formation et Recherche','1011','Lausanne',216,6.64189,46.5256),(333,1,1,'CHUV\nDivision d\'endocrinologie, diabétologie et du métabolisme','1011','Lausanne',216,6.64189,46.5256),(334,1,1,'Neuro-imagerie\nCHUV\nService de neurologie','1011','Lausanne',216,6.64189,46.5256),(335,1,1,'Ch. de Lucinge 16','1006','Lausanne',216,6.6402,46.5164),(336,1,1,'Rue du Bugnon 44\nInstitut de Microbiologie','1011','Lausanne',216,6.64189,46.5256),(337,1,1,'Rte de Berne 52\nInstitut de Médecine sociale et préventive','1010','Lausanne',216,6.65397,46.5376),(338,1,1,'CHUV\nService de médecine interne','1011','Lausanne',216,6.64189,46.5256),(339,1,1,'Croisettes 22\nLaboratoire suisse d\'analyse du dopage','1066','Epalinges',216,6.66662,46.5486),(340,1,1,'Av. Rumine 31','1005','Lausanne',216,6.64164,46.5167),(341,1,1,'Av. de France 15\nCase postale 133\nHôpital ophtalmique Jules-Gonin','1000','Lausanne 7',216,NULL,NULL),(342,1,1,'CHUV\nService de médecine intensive adulte','1011','Lausanne',216,6.64189,46.5256),(343,1,1,'Av. Pierre Decker 4\nHôpital orthopédique de la Suisse romande','1011','Lausanne',216,6.64189,46.5256),(344,1,1,'CHUV\nService de cardiologie','1011','Lausanne',216,6.64189,46.5256),(345,1,1,'CHUV\nService de neurologie','1011','Lausanne',216,6.64189,46.5256),(346,1,1,'CHUV\nService de radiodiagnostic et de radiologie','1011','Lausanne',216,6.64189,46.5256),(347,1,1,'Ch. des Ormeaux 10','1066','Epalinges',216,6.65365,46.5449),(348,1,1,'Hôpital des Cadolles','2002','Neuchâtel',216,6.92543,47.0001),(349,1,1,'Rue du Bugnon 44-07/2409\nCHUV\nService de gastro-entérologie','1011','Lausanne',216,6.64189,46.5256),(350,1,1,'CHUV\nService d\'anesthésiologie','1011','Lausanne',216,6.64189,46.5256),(351,1,1,'IRO\nAv. Grand-Champsec 64\nService d\'ophtalmologie','1950','Sion',216,7.35333,46.227),(352,1,1,'CHUV\nLaboratoire de cytogénétique médicale','1011','Lausanne',216,6.64189,46.5256),(353,1,1,'Service de médecine interne et soins intensifs\nCh. Monastier 10\nGHOL - Site de Nyon','1260','Nyon',216,6.22987,46.3805),(354,1,1,'Policlinique ORL\nCHUV\nUnité de phoniatrie et de logopédie','1011','Lausanne',216,6.64189,46.5256),(355,1,1,'CHUV\nService de chirurgie pédiatrique','1011','Lausanne',216,6.64189,46.5256),(356,1,1,'Av. Davel 3','1004','Lausanne',216,6.63021,46.5268),(357,1,1,'Département de médecine interne\nRue du Chasseral 20\nHôpital neuchâtelois','2300','La Chaux-De-Fonds',216,6.84057,47.1177),(358,1,1,'Rue César-Roux 19\nInstitut universitaire de formation et de recherche en soins IUFRS','1005','Lausanne',216,6.64275,46.5201),(359,1,1,'Département de médecine\nCentre hospitalier du centre du Valais\nAv. Grand-Champsec 80\nService de cardiologie','1950','Sion',216,7.35333,46.227),(360,1,1,'Service de psychiatrie communautaire\nRue Saint-Martin 7\nDépartement de psychiatrie','1003','Lausanne',216,6.63149,46.5208),(361,1,1,'CHUV\nService de psychiatrie de liaison','1011','Lausanne',216,6.64189,46.5256),(362,1,1,'CHUV\nService de Rhumatologie,  Médecine physique & Réhabilitation','1011','Lausanne',216,6.64189,46.5256),(363,1,1,'Biopôle 1\nRoute de la Corniche 2\nInstitut universitaire de médecine sociale et préventive','1066','Epalinges',216,6.66662,46.5486),(364,1,1,'CHUV\nService d\'Hématologie du DMI','1011','Lausanne',216,6.64189,46.5256),(365,1,1,'CHUV\nDivision d\'Immunologie & d\'Allergie du DMI','1011','Lausanne',216,6.64189,46.5256),(366,1,1,'Rte de Moudon 3','1512','Chavannes-Sur-Moudon',216,6.80816,46.6562),(367,1,1,'Rue du Bugnon 25\nInstitut de Pathologie','1011','Lausanne',216,6.64189,46.5256),(368,1,1,'CHUV\nService de cardiologie','1011','Lausanne',216,6.64189,46.5256),(369,1,1,'CHUV\nRue du Bugnon 46\nService d\'anesthésiologie','1011','Lausanne',216,6.64189,46.5256),(370,1,1,'Av. de la Chablière 5\nSUPEA','1004','Lausanne',216,6.61795,46.53),(371,1,1,'Hôpital de Cery\nRoute de Cery\nCentre de neurosciences psychiatriques','1008','Prilly',216,6.60456,46.537),(372,1,1,'Rue César-Roux 19\nInstitut universitaire de formation et de recherche en soins IUFRS','1005','Lausanne',216,6.64275,46.5201),(373,1,1,'CHUV\nCentre pluridisciplinaire d\'oncologie','1011','Lausanne',216,6.64189,46.5256),(374,1,1,'CHUV\nService de Pédiatrie','1011','Lausanne',216,6.64189,46.5256),(375,1,1,'Biopôle 1\nRoute de la Corniche 2\nIUMSP','1066','Epalinges',216,6.66662,46.5486),(376,1,1,'CHUV\nService de chirurgie générale','1011','Lausanne',216,6.64189,46.5256),(377,1,1,'Site du Samaritain\nHôpital Riviera','1800','Vevey',216,6.85455,46.461),(378,1,1,'Av. de Beaumont 29\nDivision de pharmacologie et toxicologie cliniques','1011','Lausanne',216,6.64189,46.5256),(379,1,1,'Institut de Microbiologie Rue du Bugnon 48','1011','Lausanne',216,6.64168,46.5258),(380,1,1,'CHUV\nService de néphrologie','1011','Lausanne',216,6.64189,46.5256),(381,1,1,'STI IEL LTS 5\nELD 236 (bât. ELD)\nStation 11\nEcole Polytechnique Fédérale de Lausanne','1015','Lausanne',216,6.56849,46.5196),(382,1,1,'Secrétariat\nRte de la Corniche 2\nService régional vaudois de transfusion sanguine','1066','Epalinges',216,6.66662,46.5486),(383,1,1,'CHUV\nService de néonatologie','1011','Lausanne',216,6.64189,46.5256),(384,1,1,'Biopôle 1\nRoute de la Corniche 2\nInstitut Universitaire de Médecine Sociale et Préventive','1066','Epalinges',216,6.66662,46.5486),(385,1,1,'CHUV\nService de chirurgie cardio-vasculaire','1011','Lausanne',216,6.64189,46.5256),(386,1,1,'Rue Caroline 3','1003','Lausanne',216,6.63692,46.5201),(387,1,1,'Institut Central des Hôpitaux Valaisans\nAv. Grand-Champsec 86\nDivision de maladies infectieuses et microbiologie','1950','Sion',216,7.35333,46.227),(388,1,1,'Maternité\nCHUV\nDivision de néonatologie','1011','Lausanne',216,6.64189,46.5256),(389,1,1,'CHUV\nService de génétique médicale','1011','Lausanne',216,6.64189,46.5256),(390,1,1,'CHUV\nService de radiodiagnostic et radiologie interventionnelle','1011','Lausanne',216,6.64189,46.5256),(391,1,1,'Rue du Bugnon 17\nInstitut de Médecine sociale et préventive','1005','Lausanne',216,6.64275,46.5201),(392,1,1,'Hôpital de La Chaux-de-Fonds\nService de Rhumatologie','2300','La Chaux-De-Fonds',216,6.84057,47.1177),(393,1,1,'CHUV\nService de cardiologie','1011','Lausanne',216,6.64189,46.5256),(394,1,1,'CHUV\nService des Maladies infectieuses','1011','Lausanne',216,6.64189,46.5256),(395,1,1,'CHUV\nService de gastro-entérologie et d\'hépatologie','1011','Lausanne',216,6.64189,46.5256),(396,1,1,'Rue Grand-Pré 1\nInstitut de Radiophysique Appliquée','1007','Lausanne',216,6.609,46.5161),(397,1,1,'Service de neurochirurgie CHUV','1011','Lausanne',216,6.64189,46.5256),(398,1,1,'Rue du Bugnon 21\nIST','1011','Lausanne',216,6.5615,46.605),(399,1,1,'CHUV\nDépartement de gynécologie-obstétrique','1011','Lausanne',216,6.64189,46.5256),(400,1,1,'CHUV\nService de Neurologie','1011','Lausanne',216,6.64189,46.5256),(401,1,1,'CHUV\nService de néphrologie','1011','Lausanne',216,6.64189,46.5256),(402,1,1,'Département de Médecine\nCHUV\nService de Cardiologie','1011','Lausanne',216,6.64189,46.5256),(403,1,1,'CHUV\nService de médecine interne','1011','Lausanne',216,6.64189,46.5256),(404,1,1,'Unité d\'hématologie-oncologie\nCHUV\nService de pédiatrie','1011','Lausanne',216,6.64189,46.5256),(405,1,1,'Route du Mont\nService universitaire de Psychiatrie de l\'Age Avancé (SUPAA)','1008','Prilly',216,6.60456,46.537),(406,1,1,'CHUV\nService de Chirurgie cardio-vasculaire','1011','Lausanne',216,6.64189,46.5256),(407,1,1,'CHUV\nService de chirurgie','1011','Lausanne',216,6.64189,46.5256),(408,1,1,'CHUV\nService de Médecine interne','1011','Lausanne',216,6.64189,46.5256),(409,1,1,'Dpt de Médecine interne\nCHUV\nDivision de Physiopathologie clinique','1011','Lausanne',216,6.64189,46.5256),(410,1,1,'Ch. de Montétan 18\nHôpital de l\'enfance','1004','Lausanne',216,6.61795,46.53),(411,1,1,'CHUV BH13\nBugnon\nService de neurologie','1011','Lausanne',216,6.64189,46.5256),(412,1,1,'Av. Juste-Olivier 2','1006','Lausanne',216,6.63726,46.5163),(413,1,1,'Av. de France 43','1004','Lausanne',216,6.61877,46.5274),(414,1,1,'CHUV\nDpt de gynécologie et obstétrique','1011','Lausanne',216,6.64189,46.5256),(415,1,1,'CHUV\nBH 06.429\nService des urgences','1011','Lausanne',216,6.64189,46.5256),(416,1,1,'Av. Pierre Decker 4\nHôpital orthopédique de la Suisse romande','1011','Lausanne',216,6.64189,46.5256),(417,1,1,'CHUV\nChef du Service de médecine préventive hospitalière','1011','Lausanne',216,6.64189,46.5256),(418,1,1,'Quartier UNIL-CHUV\nRue du Bugnon 46\nService d\'immunologie et allergie','1011','Lausanne',216,6.64189,46.5256),(419,1,1,'Ch. du Crêt 2\nHôpital de Morges','1110','Morges',216,6.49975,46.5224),(420,1,1,'Service d\'Ophtalmologie\nAvenue de France 15\nCase postale 133\nHôpital ophtalmique Jules Gonin','1000','Lausanne 7',216,NULL,NULL),(421,1,1,'Service de radio-oncologie CHUV','1011','Lausanne',216,6.64189,46.5256),(422,1,1,'Hôpital orthopédique\nCHUV\nRHU','1011','Lausanne',216,6.64189,46.5256),(423,1,1,'Ch. des Boveresses\nInstitut de Biochimie','1066','Epalinges',216,6.66662,46.5486),(424,1,1,'c/o Institut universitaire de pathologie\nRue du Bugnon 25\nEPFL SV ISREC','1011','Lausanne',216,6.64189,46.5256),(425,1,1,'Bât. Biophore\nDépartement d\'écologie et d\'évolution','1015','Lausanne',216,6.56849,46.5196),(426,1,1,'Rue du Bugnon 7\nDépartement de physiologie','1005','Lausanne',216,6.64275,46.5201),(427,1,1,'Bâtiment ELD\nStation 11\nEPFL-STI-IEL-LTS5, ELD 241','1015','Lausanne',216,6.56849,46.5196),(428,1,1,'Le Génopode\nCentre Intégratif de Génomique','1015','Lausanne',216,6.56849,46.5196),(429,1,1,'Bugnon 27\nDépartement de génétique médicale','1005','Lausanne',216,6.64275,46.5201),(430,1,1,'Bugnon 9\nDépartement de biologie cellulaire et de morphologie','1005','Lausanne',216,6.64275,46.5201),(431,1,1,'Quartier UNIL-Sorge\n1015 Lausanne\nDépartement d\'écologie et d\'évolution','1015','Lausanne',216,6.56849,46.5196),(432,1,1,'Rue du Bugnon 27\nDépartement de pharmacologie et toxicologie','1005','Lausanne',216,6.64275,46.5201),(433,1,1,'Rue du Tunnel 9','1005','Lausanne',216,6.6332,46.5249),(434,1,1,'Rue du Bugnon 27\nInstitut de Pharmacologie et de Toxicologie','1005','Lausanne',216,6.64275,46.5201),(435,1,1,'Bugnon 9\nDépartement de Biologie Cellulaire et de Morphologie','1005','Lausanne',216,6.64275,46.5201),(436,1,1,'Quartier UNIL-Sorge\nBâtiment Biophore\nDépartement d\'Ecologie et d\'Evolution','1015','Lausanne',216,6.56849,46.5196),(437,1,1,'Rue du Bugnon 9\nDépartement de biologie cellulaire et de morphologie','1005','Lausanne',216,6.64275,46.5201),(438,1,1,'Bugnon 27\nDépartement de génétique médicale','1005','Lausanne',216,6.64275,46.5201),(439,1,1,'Quartier UNIL-Sorge\nBâtiment Biophore\nDépartement d\'écologie et d\'évolution','1015','Lausanne',216,6.56849,46.5196),(440,1,1,'Rue du Bugnon 27\nInstitut de Pharmacologie & de Toxicologie','1005','Lausanne',216,6.64275,46.5201),(441,1,1,'Centre adm. de Vidy\nInstitut des Sciences du Sport de l\'Université de Lausanne','1015','Lausanne',216,6.57916,46.5215),(442,1,1,'Quartier UNIL-Sorge\nBâtiment Génopode\nCentre Intégratif de génomique','1015','Lausanne',216,6.56849,46.5196),(443,1,1,'Agroscope Liebefeld-Posieux\nSchwarzenburgstrasse 161\nCentre de Recherche Apicole','3003','Berne',216,7.44461,46.9479),(444,1,1,'Rue du Bugnon 27\nInstitut de Pharmacologie & de Toxicologie','1005','Lausanne',216,6.64275,46.5201),(445,1,1,'Ch. des Boveresses 155\nInstitut de Biochimie','1066','Epalinges',216,6.66662,46.5486),(446,1,1,'Quartier UNIL-Sorge\nBâtiment Biophore\nDépartement d\'écologie et d\'évolution','1015','Lausanne',216,6.56849,46.5196),(447,1,1,'Quartier UNIL-Sorge\nBâtiment Génopode\nCentre Intégratif de génomique','1015','Lausanne',216,6.56849,46.5196),(448,1,1,'Quartier UNIL-Sorge\nBâtiment Biophore\nDépartement de biologie moléculaire végétale','1015','Lausanne',216,6.56849,46.5196),(449,1,1,'Ch. des Boveresses\nInstitut de Biochimie','1066','Epalinges',216,6.66662,46.5486),(450,1,1,'Rue du Bugnon 9\nDépartement de biologie cellulaire et de morphologie','1005','Lausanne',216,6.64275,46.5201),(451,1,1,'Musée et Jardin botaniques cantonaux\nAv. de Cour 14bis\nDFJC - SERAC','1007','Lausanne',216,6.609,46.5161),(452,1,1,'Rue du Bugnon 27\nDépartement de Pharmacologie & de Toxicologie','1005','Lausanne',216,6.64275,46.5201),(453,1,1,'Rue du Bugnon 27\nInstitut de Pharmacologie & de Toxicologie','1005','Lausanne',216,6.64275,46.5201),(454,1,1,'Bâtiment de pharmacie\nCentre Intégratif de génomique','1015','Lausanne',216,6.56849,46.5196),(455,1,1,'Quartier UNIL-Sorge\nBâtiment Biophore\nDépartement d\'Ecologie et d\'Evolution','1015','Lausanne',216,6.56849,46.5196),(456,1,1,'Rue du Bugnon 27\nDépartement de Pharmacologie & de Toxicologie','1005','Lausanne',216,6.64275,46.5201),(457,1,1,'Quartier UNIL-Sorge\nBâtiment Génopode\nCentre Intégrarif de génomique','1015','Lausanne',216,6.56849,46.5196),(458,1,1,'Quartier UNIL-Sorge\nBâtiment Biophore\nDBMV','1015','Lausanne',216,6.56849,46.5196),(459,1,1,'Ecole de biologie\nBâtiment Biophore\nUniversité de Lausanne','1015','Lausanne',216,6.57916,46.5215),(460,1,1,'Rue du Bugnon 21\nInsitut universitaire de médecine légale','1011','Lausanne',216,6.64189,46.5256),(461,1,1,'Ecole de biologie\nBâtiment Biophore\nUniversité de Lausanne','1015','Lausanne',216,6.57916,46.5215),(462,1,1,'Quartier UNIL-Sorge\nBâtiment Biophore\nDépartement de biologie moléculaire végétale','1015','Lausanne',216,6.56849,46.5196),(463,1,1,'Quartier UNIL-Sorge\nBâtiment Biophore\nDépartement d\'Ecologie et d\'Evolution','1015','Lausanne',216,6.56849,46.5196),(464,1,1,'Ch. des Boveresses 155\nDépartement de biochimie','1066','Epalinges',216,6.66662,46.5486),(465,1,1,'Quartier UNIL-Sorge\nBâtiment Biophore\nDépartement d\'Ecologie et d\'Evolution','1015','Lausanne',216,6.56849,46.5196),(466,1,1,'Bâtiment Génopode\nCIG','1015','Lausanne',216,6.56849,46.5196),(467,1,1,'chemin des Boveresses 155\nCentre Ludwig pour la recherche sur le cancer','1066','Epalinges',216,6.66662,46.5486),(468,1,1,'Quartier UNIL-Sorge\nBâtiment Génopode\nCentre Intégratif de génomique','1015','Lausanne',216,6.56849,46.5196),(469,1,1,'Quartier UNIL-Sorge\nBâtiment Génopode\nCentre Intégratif de génomique','1015','Lausanne',216,6.56849,46.5196),(470,1,1,'Rue du Bugnon 9\nDBCM','1055','Lausanne',216,6.69899,46.5955),(471,1,1,'Ch. des Boveresses 155\nDépartement de biochimie','1066','Epalinges',216,6.66662,46.5486),(472,1,1,'CHUV\nRue du Bugnon 21\nDépartement de la formation et de la recherche','1011','Lausanne',216,6.64189,46.5256),(473,1,1,'Rue du Bugnon 27\nInstitut de Pharmacologie & de Toxicologie','1005','Lausanne',216,6.64275,46.5201),(474,1,1,'Rue du Village 26','1055','Froideville',216,6.67656,46.6001),(475,1,1,'Quartier UNIL-Sorge\nBâtiment Génopode\nCentre intégratif de gémomique','1015','Lausanne',216,6.56849,46.5196),(476,1,1,'Quartier UNIL-CHUV\nRue du Bugnon 27\nDpt de pharmacologie et toxicologie','1005','Lausanne',216,6.64275,46.5201),(477,1,1,'Rue du Bugnon 9\nIBCM','1005','Lausanne',216,6.64275,46.5201),(478,1,1,'Quartier UNIL-Sorge\nBâtiment Biophore\nDEE','1015','Lausanne',216,6.56849,46.5196),(479,1,1,'Quartier UNIL-Sorge\nBâtiment Biophore\nDépartement de microbiologie fondamentale','1015','Lausanne',216,6.56849,46.5196),(480,1,1,'Rue du Bugnon 27\nInstitut de Pharmacologie & de Toxicologie','1005','Lausanne',216,6.64275,46.5201),(481,1,1,'Quartier UNIL-Sorge\nBâtiment Biophore\nDépartement d\'écologie et d\'évolution','1015','Lausanne',216,6.56849,46.5196),(482,1,1,'Rue du Bugnon 9\nIBCM','1005','Lausanne',216,6.64275,46.5201),(483,1,1,'Rue du Bugnon 27\nDépartement de génétique médicale','1005','Lausanne',216,6.64275,46.5201),(484,1,1,'Quartier UNIL-Sorge\nBâtiment Biophore\nDépartement de microbiologie fondamentale','1015','Lausanne',216,6.56849,46.5196),(485,1,1,'Ch. des Boveresses 155\nCase postale 51\nDépartement de biochimie','1066','Epalinges',216,6.66662,46.5486),(486,1,1,'Ch. des Boveresses 155\nDépartement de Biochimie','1066','Epalinges',216,6.66662,46.5486),(487,1,1,'Bâtiment Biophore\nDépartement de microbiologie fondamentale','1015','Lausanne',216,6.56849,46.5196),(488,1,1,'Bâtiment Vidy\nISSUL','1015','Lausanne',216,6.56849,46.5196),(489,1,1,'Bâtiment Biophore\nDMF','1015','Lausanne',216,6.56849,46.5196),(490,1,1,'Ch. des Boveresses 155\nDépartement de biochimie','1066','Epalinges',216,6.66662,46.5486),(491,1,1,'Ch. des Boveresses 155\nInstitut de Biochimie','1066','Epalinges',216,6.66662,46.5486),(492,1,1,'UNIL-EPFL - EPFL FSB -LBTM\nCH B1-391 (Bâtiment CH) - Station 6\nInstitut de Biotechnologie','1015','Lausanne',216,6.56849,46.5196),(493,1,1,'Quartier UNIL-Sorge\nBâtiment Génopode\nCentre intégratif de génomique','1015','Lausanne',216,6.56849,46.5196),(494,1,1,'Bâtiment Vidy\nISSUL','1015','Lausanne',216,6.56849,46.5196),(495,1,1,'Rue du Bugnon 7\nDépartement de physiologie','1005','Lausanne',216,6.64275,46.5201),(496,1,1,'Quartier UNIL-CHUV\nRue du Bugnon 21\nUnité de soutien et de promotion','1011','Lausanne',216,6.64189,46.5256),(497,1,1,'Bâtiment de biologie\nDépartement de microbiologie fondamentale','1015','Lausanne',216,6.56849,46.5196),(498,1,1,'CHUV\nDivision autonome de neuropsychologie','1011','Lausanne',216,6.64189,46.5256),(499,1,1,'Bâtiment de biologie\nDépartement de biologie moléculaire végétale','1015','Lausanne',216,6.56849,46.5196),(500,1,1,'Bâtiment Biophore\nDépartement d\'écologie et d\'évolution','1015','Lausanne',216,6.56849,46.5196),(501,1,1,'Le Biophore\nDépartement de biologie moléculaire végétale','1015','Lausanne',216,6.56849,46.5196),(502,1,1,'Rue du Bugnon 7\nInstitut de Physiologie','1005','Lausanne',216,6.64275,46.5201),(503,1,1,'Quartier UNIL-Sorge\nBâtiment Biophore\nDépartement d\'écologie et évolution','1015','Lausanne',216,6.56849,46.5196),(504,1,1,'Quartier UNIL-Sorge\nBâtiment Biophore\nDépartement de biologie moléculaire végétale','1015','Lausanne',216,6.56849,46.5196),(505,1,1,'Hôpital de Cery\nCentre de Neurosciences psychiatriques','1008','Prilly',216,6.60456,46.537),(506,1,1,'Université de Lausanne\nBâtiment Génopode\nCentre Intégratif de Génomique (CIG)','1015','Lausanne',216,6.56849,46.5196),(507,1,1,'Ch. des Boveresses  155\nCentre Intégratif de Génomique (CIG)','1066','Epalinges',216,6.66662,46.5486),(508,1,1,'Rue du Bugnon 7\nDépartement de Physiologie','1005','Lausanne',216,6.64275,46.5201),(509,1,1,'Rue du Bugnon 9\nIBCM','1005','Lausanne',216,6.64275,46.5201),(510,1,1,'Quartier UNIL-Sorge\nBâtiment Biophore\nDépartement de microbiologie fondamentale','1015','Lausanne',216,6.56849,46.5196),(511,1,1,'Quartier UNIL-Sorge\nBâtiment Biophore\nDépartement de microbiologie fondamentale','1015','Lausanne',216,6.56849,46.5196),(512,1,1,'Quartier UNIL-Sorge\nBâtiment Biophore\nDépartement de biologie moléculaire végétale','1015','Lausanne',216,6.56849,46.5196),(513,1,1,'Quartier UNIL-Sorge\nBâtiment Génopode\nCIG','1015','Lausanne',216,6.56849,46.5196),(514,1,1,'Rue du Bugnon 9\nIBCM','1005','Lausanne',216,6.64275,46.5201),(515,1,1,'Bugnon27\nDépartement de génétique médicale','1005','Lausanne',216,6.64275,46.5201),(516,1,1,'Le Biophore\nDépartement d\'écologie et d\'évolution','1015','Lausanne',216,6.56849,46.5196),(517,1,1,'Division of clinical onco-immunology\nAv. Pierre-Decker 4\nCentre Ludwig pour la recherche sur le cancer','1011','Lausanne',216,6.64189,46.5256),(518,1,1,'Ch. des Boveresses 155\nDépartement de biochimie','1066','Epalinges',216,6.66662,46.5486),(519,1,1,'Quartier UNIL-Sorge\nBâtiment Biophore\nDépartement d\'Ecologie et d\'Evolution','1015','Lausanne',216,6.56849,46.5196),(520,1,1,'Quartier UNIL-Sorge\nBâtiment Biophore\nDépartement d\'Ecologie et d\'Evolution','1015','Lausanne',216,6.56849,46.5196),(521,1,1,'Rue du Bugnon 27\nInstitut de Pharmacologie  & de Toxicologie','1005','Lausanne',216,6.64275,46.5201),(522,1,1,'Ch. des Boveresses 155\nDépartement de Biochimie','1066','Epalinges',216,6.66662,46.5486),(523,1,1,'Rue du Bugnon 7\nInstitut de Physiologie','1005','Lausanne',216,6.64275,46.5201),(524,1,1,'Rue du Bugnon 7\nInstitut de Physiologie','1005','Lausanne',216,6.64275,46.5201),(525,1,1,'Clinical tumor immune-biology unit\nHôpital orthopédique\nCentre Ludwig pour la recherche sur le cancer','1011','Lausanne',216,6.64189,46.5256),(526,1,1,'Rue des Terreaux 2','1003','Lausanne',216,6.62857,46.5226),(527,1,1,'Bâtiment Génopode\nCentre Intégratif de génomique','1015','Lausanne',216,6.56849,46.5196),(528,1,1,'Rue du Bugnon 27\nInstitut de Pharmacologie & de Toxicologie','1005','Lausanne',216,6.64275,46.5201),(529,1,1,'Département de radiologie\nCHUV-BH10\nCentre d\'imagerie biomédicale','1011','Lausanne',216,6.64189,46.5256),(530,1,1,'Ch. des Boveresses 155\nDépartement de biochimie','1066','Epalinges',216,6.66662,46.5486),(531,1,1,'Quartier UNIL-Sorge\nBâtiment Génopode\nCentre Intégratf de génomique','1015','Lausanne',216,6.56849,46.5196),(532,1,1,'Rue du Bugnon 7\nInstitut de Physiologie','1005','Lausanne',216,6.64275,46.5201),(533,1,1,'Ch. des Boveresses 155\nInstitut de Biochimie','1066','Epalinges',216,6.66662,46.5486),(534,1,1,'Bâtiment Génopode\nCentre intégratif de génomique','1015','Lausanne',216,6.56849,46.5196),(535,1,1,'Rue du Bugnon 9\nDépartement de biologie cellulaire et de morphologie','1005','Lausanne',216,6.64275,46.5201),(536,1,1,'Rue du Bugnon 7\nInstitut de Physiologie','1005','Lausanne',216,6.64275,46.5201),(537,1,1,'Quartier UNIL-Sorge\nBâtiment Biophore\nDépartement de microbiologie fondamentale','1015','Lausanne',216,6.56849,46.5196),(538,1,1,'Quartier UNIL-Sorge\nBâtiment Biophore\nDépartement d\'Ecologie et d\'Evolution','1015','Lausanne',216,6.56849,46.5196),(539,1,1,'Rue du Bugnon 9\nInstitut de Biologie Cellulaire et de Morphologie','1005','Lausanne',216,6.64275,46.5201),(540,1,1,'Bâtiment Biophore\nDépartement d\'écologie et d\'évolution','1015','Lausanne',216,6.56849,46.5196),(541,1,1,'Rue du Bugnon 9\nDBCM','1005','Lausanne',216,6.64275,46.5201),(542,1,1,'Génopode\nUNIL-Sorge\nCIG-DAF','1015','Lausanne',216,6.56849,46.5196),(543,1,1,'Le biophore\nDépartement d\'Ecologie et d\'Evolution','1015','Lausanne',216,6.56849,46.5196),(544,1,1,'Rue du Bugnon 9\nIBCM','1005','Lausanne',216,6.64275,46.5201),(545,1,1,'Rue du Bugnon 9\nDépartement de physiologie','1005','Lausanne',216,6.64275,46.5201),(546,1,1,'Ch. des Boveresses 155\nCentre Ludwig pour la recherche sur le cancer','1066','Epalinges',216,6.66662,46.5486),(547,1,1,'Swiss Institute of bioinformatics\nBâtiment Génopode\nVital-IT Facility','1015','Lausanne',216,6.56849,46.5196),(548,1,1,'Rue du Bugnon 7\nDépartement de physiologie','1005','Lausanne',216,6.64275,46.5201);
/*!40000 ALTER TABLE `adresses` ENABLE KEYS */;
UNLOCK TABLES;

--
-- Table structure for table `personnes`
--

DROP TABLE IF EXISTS `personnes`;
/*!40101 SET @saved_cs_client     = @@character_set_client */;
/*!40101 SET character_set_client = utf8 */;
CREATE TABLE `personnes` (
  `id` int(11) NOT NULL AUTO_INCREMENT,
  `id_unil` int(11) DEFAULT NULL,
  `id_chuv` int(11) DEFAULT NULL,
  `id_adifac` int(11) DEFAULT NULL,
  `actif` tinyint(1) NOT NULL DEFAULT '1',
  `personne_type_id` int(11) DEFAULT NULL,
  `nom` varchar(50) COLLATE utf8_unicode_ci NOT NULL,
  `prenom` varchar(50) COLLATE utf8_unicode_ci NOT NULL,
  `genre_id` int(11) DEFAULT NULL,
  `personne_denomination_id` int(11) DEFAULT NULL,
  `etatcivil_id` int(11) DEFAULT NULL,
  `date_naissance` date DEFAULT NULL,
  `no_avs` varchar(255) COLLATE utf8_unicode_ci DEFAULT NULL,
  `canton_id` int(11) DEFAULT NULL,
  `pays_id` int(11) DEFAULT NULL,
  `permis_id` int(11) DEFAULT NULL,
  `titre_lecon_inaug` varchar(100) COLLATE utf8_unicode_ci DEFAULT NULL,
  `date_lecon_inaug` date DEFAULT NULL,
  PRIMARY KEY (`id`),
  KEY `personne_type_id` (`personne_type_id`),
  KEY `personne_denomination_id` (`personne_denomination_id`),
  KEY `genre_id` (`genre_id`),
  KEY `etatcivil_id` (`etatcivil_id`),
  KEY `pays_id` (`pays_id`),
  KEY `canton_id` (`canton_id`),
  KEY `permis_id` (`permis_id`),
  CONSTRAINT `personnes_ibfk_1` FOREIGN KEY (`personne_type_id`) REFERENCES `personnes_types` (`id`),
  CONSTRAINT `personnes_ibfk_2` FOREIGN KEY (`personne_denomination_id`) REFERENCES `personnes_denominations` (`id`),
  CONSTRAINT `personnes_ibfk_3` FOREIGN KEY (`genre_id`) REFERENCES `genres` (`id`),
  CONSTRAINT `personnes_ibfk_4` FOREIGN KEY (`etatcivil_id`) REFERENCES `etatscivils` (`id`),
  CONSTRAINT `personnes_ibfk_5` FOREIGN KEY (`pays_id`) REFERENCES `pays` (`id`),
  CONSTRAINT `personnes_ibfk_6` FOREIGN KEY (`canton_id`) REFERENCES `cantons` (`id`),
  CONSTRAINT `personnes_ibfk_7` FOREIGN KEY (`permis_id`) REFERENCES `permis` (`id`)
) ENGINE=InnoDB AUTO_INCREMENT=617 DEFAULT CHARSET=utf8 COLLATE=utf8_unicode_ci;
/*!40101 SET character_set_client = @saved_cs_client */;

--
-- Dumping data for table `personnes`
--

LOCK TABLES `personnes` WRITE;
/*!40000 ALTER TABLE `personnes` DISABLE KEYS */;
INSERT INTO `personnes` VALUES (1,750461,NULL,NULL,1,1,'Abdelmoula','Mohamed',1,NULL,2,'1950-07-19',NULL,NULL,216,NULL,NULL,NULL),(2,50619,NULL,NULL,1,1,'Abderrahmani','Amar',1,NULL,2,'1972-10-04',NULL,NULL,76,NULL,NULL,NULL),(3,44495,NULL,NULL,1,1,'Abou Zeid','Hana',2,NULL,1,'1975-09-18',NULL,NULL,216,NULL,NULL,NULL),(4,7022,NULL,NULL,1,1,'Acha-Orbea','Hans',1,NULL,3,'1955-01-28','103.55.128.216',NULL,216,NULL,NULL,NULL),(5,831112,NULL,NULL,1,1,'Achtari','Chahin',1,NULL,2,'1964-07-18',NULL,NULL,216,NULL,NULL,NULL),(6,720128,NULL,NULL,1,1,'Addor','Marie-Claude',2,NULL,1,'1954-07-15','103.54.715.118',NULL,216,NULL,NULL,NULL),(7,740017,NULL,NULL,1,1,'Aebischer','Nicole',2,2,2,'1954-05-11',NULL,NULL,216,NULL,NULL,NULL),(8,24378,NULL,NULL,1,1,'Aguet','Michel',1,1,2,'1947-05-15',NULL,NULL,216,NULL,NULL,NULL),(9,1107109,NULL,NULL,1,1,'Alvarez','Nadir',1,NULL,2,'1977-05-28','109.77.259.000',NULL,216,NULL,NULL,NULL),(10,1110198,NULL,NULL,1,1,'Amati','Francesca',2,NULL,1,'1966-05-12','110.66.643.000',NULL,216,NULL,NULL,NULL),(11,891354,NULL,NULL,1,1,'Ambresin','Aude',2,NULL,1,'1970-05-19',NULL,NULL,216,NULL,NULL,NULL),(12,1036196,NULL,NULL,1,1,'Angelillo-Scherrer','Anne',2,1,2,'1963-08-23',NULL,NULL,216,NULL,NULL,NULL),(13,66008,NULL,NULL,1,1,'Annoni','Jean-Marie',1,NULL,2,'1956-09-26',NULL,NULL,216,NULL,NULL,NULL),(14,710148,NULL,NULL,1,1,'Ansermet','François',1,1,2,'1952-06-25',NULL,NULL,216,NULL,NULL,NULL),(15,17982,NULL,NULL,1,1,'Aroua','Abbas',1,NULL,3,'1962-11-12',NULL,NULL,4,NULL,NULL,NULL),(16,33176,NULL,NULL,1,1,'Arsenijevic','Yvan',1,NULL,2,'1960-01-10',NULL,NULL,216,NULL,NULL,NULL),(17,1074781,NULL,NULL,1,1,'Astori','Simone',1,NULL,1,'1978-08-24','123.78.355.000',NULL,110,NULL,NULL,NULL),(18,460013,NULL,NULL,1,1,'Aubert','Jacques',1,NULL,2,'1952-09-27',NULL,NULL,216,NULL,NULL,NULL),(19,750144,NULL,NULL,1,1,'Aubert','John-David',1,1,2,'1957-08-08','124.57.339.117',NULL,216,NULL,NULL,NULL),(20,1038844,NULL,NULL,1,1,'Bach Cuadra','Meritxell',2,1,2,'1975-06-09','126.75.671.158',NULL,209,NULL,NULL,NULL),(21,740481,NULL,NULL,1,1,'Bader','Michel',1,NULL,2,'1956-12-05',NULL,NULL,216,NULL,NULL,NULL),(22,1048381,NULL,NULL,1,1,'Ballhausen','Diana',2,1,2,'1972-07-26',NULL,NULL,83,NULL,NULL,NULL),(23,770730,NULL,NULL,1,1,'Balmer','Aubin',1,NULL,2,'1945-03-09','132.45.171.115',NULL,216,NULL,NULL,NULL),(24,790767,NULL,NULL,1,1,'Barbey','Frédéric',1,1,2,'1960-09-03',NULL,NULL,216,NULL,NULL,NULL),(25,57157,NULL,NULL,1,1,'Barrandon','Yann',1,1,2,'1951-09-06',NULL,NULL,76,NULL,NULL,NULL),(26,17733,NULL,NULL,1,1,'Barras','Vincent',1,1,2,'1956-11-08',NULL,NULL,216,NULL,NULL,NULL),(27,840846,NULL,NULL,1,1,'Bart','Pierre-Alexandre',1,NULL,1,'1966-03-22',NULL,NULL,216,NULL,NULL,NULL),(28,3049,NULL,NULL,1,1,'Baumgartner','Jean-Daniel',1,1,2,'1950-09-21','146.50.383.118',NULL,216,NULL,NULL,NULL),(29,23589,NULL,NULL,1,1,'Beck Popovic','Maja',2,NULL,2,'1958-04-28',NULL,NULL,216,NULL,NULL,NULL),(30,61198,NULL,NULL,1,1,'Beckmann','Jacques',1,NULL,2,'1946-07-11',NULL,NULL,22,NULL,NULL,NULL),(31,1125246,NULL,NULL,1,1,'Beigelman Aubry','Catherine',2,1,2,'1959-09-01',NULL,NULL,76,NULL,NULL,NULL),(32,22439,NULL,NULL,1,1,'Benaroyo','Lazare',1,1,2,'1953-05-13',NULL,NULL,216,NULL,NULL,NULL),(33,6587,NULL,NULL,1,1,'Benhattar','Jean',1,1,2,'1953-02-03',NULL,NULL,76,NULL,NULL,NULL),(34,1060012,NULL,NULL,1,1,'Benton','Richard',1,NULL,2,'1977-09-27','154.77.389.284',NULL,235,NULL,NULL,NULL),(35,730142,NULL,NULL,1,1,'Berger','Mette',2,NULL,3,'1955-02-28',NULL,NULL,216,NULL,NULL,NULL),(36,1024789,NULL,NULL,1,1,'Bergman','Howard',1,1,2,'1945-11-03',NULL,NULL,40,NULL,NULL,NULL),(37,1027905,NULL,NULL,1,1,'Bergmann','Sven',1,NULL,2,'1971-05-01','156.71.232.353',NULL,83,NULL,NULL,NULL),(38,720298,NULL,NULL,1,1,'Bernath','Marc-André',1,NULL,2,'1954-02-18',NULL,NULL,216,NULL,NULL,NULL),(39,860951,NULL,NULL,1,1,'Berney','Alexandre',1,1,1,'1967-05-20',NULL,NULL,216,NULL,NULL,NULL),(40,3075,NULL,NULL,1,1,'Besseghir','Kamel P.',1,1,2,'1948-11-24','162.48.455.318',NULL,216,NULL,NULL,NULL),(41,730063,NULL,NULL,1,1,'Besson','Jacques',1,NULL,2,'1955-01-28','162.55.128.144',NULL,216,NULL,NULL,NULL),(42,801275,NULL,NULL,1,1,'Bettschart','Vincent',1,NULL,2,'1961-07-16',NULL,NULL,216,NULL,NULL,NULL),(43,56529,NULL,NULL,1,1,'Bezzi','Paola',2,NULL,1,'1969-10-15','163.69.815.184',NULL,110,NULL,NULL,NULL),(44,1040143,NULL,NULL,1,1,'Bigliardi','Paul L.',1,NULL,2,'1964-12-18',NULL,NULL,216,NULL,NULL,NULL),(45,830621,NULL,NULL,1,1,'Binaghi','Stefano',1,1,2,'1964-03-28',NULL,NULL,216,NULL,NULL,NULL),(46,23656,NULL,NULL,1,1,'Bindschaedler','Claire',2,1,2,'1960-01-17',NULL,NULL,216,NULL,NULL,NULL),(47,23464,NULL,NULL,1,1,'Bischoff','Thomas',1,NULL,2,'1950-08-05',NULL,NULL,216,NULL,NULL,NULL),(48,1027288,NULL,NULL,1,1,'Bize','Pierre',1,NULL,1,'1975-01-24','174.75.124.219',NULL,216,NULL,NULL,NULL),(49,791246,NULL,NULL,1,1,'Blanc','Dominique',1,NULL,2,'1961-08-22','175.61.353.115',NULL,216,NULL,NULL,NULL),(50,860643,NULL,NULL,1,1,'Bloch','Jocelyne',2,NULL,2,'1968-04-13','178.68.613.319',NULL,216,NULL,NULL,NULL),(51,23544,NULL,NULL,1,1,'Bochud','François',1,NULL,2,'1966-06-02',NULL,NULL,216,NULL,NULL,NULL),(52,39327,NULL,NULL,1,1,'Bochud','Murielle',2,NULL,1,'1968-04-23',NULL,NULL,216,NULL,NULL,NULL),(53,870507,NULL,NULL,1,1,'Bochud','Pierre-Yves',1,1,1,'1968-12-03',NULL,NULL,216,NULL,NULL,NULL),(54,841115,NULL,NULL,1,1,'Bodenmann','Patrick',1,1,2,'1966-06-10',NULL,NULL,216,NULL,NULL,NULL),(55,1027630,NULL,NULL,1,1,'Bonafé','Luisa',2,NULL,1,'1970-06-05',NULL,NULL,110,NULL,NULL,NULL),(56,14577,NULL,NULL,1,1,'Bonny','Christophe',1,NULL,2,'1965-05-16',NULL,NULL,216,NULL,NULL,NULL),(57,871584,NULL,NULL,1,1,'Bonny','Olivier',1,NULL,2,'1969-04-26','190.69.226.216',NULL,216,NULL,NULL,NULL),(58,790708,NULL,NULL,1,1,'Bonsack','Charles',1,NULL,2,'1960-12-08',NULL,NULL,216,NULL,NULL,NULL),(59,821376,NULL,NULL,1,1,'Bonvin','Eric',1,NULL,2,'1961-08-26',NULL,NULL,216,NULL,NULL,NULL),(60,1113981,NULL,NULL,1,1,'Borasio','Gian Domenico',1,NULL,2,'1962-07-09',NULL,NULL,110,NULL,NULL,NULL),(61,1050965,NULL,NULL,1,1,'Borens','Olivier',1,NULL,2,'1968-07-02',NULL,NULL,216,NULL,NULL,NULL),(62,8950,NULL,NULL,1,1,'Borrani','Fabio',1,NULL,1,'1964-11-19','194.64.450.184',NULL,110,NULL,NULL,NULL),(63,740247,NULL,NULL,1,1,'Borruat','François-Xavier',1,1,3,'1957-01-05',NULL,NULL,216,NULL,NULL,NULL),(64,810330,NULL,NULL,1,1,'Boubaker','Ariane',2,1,2,'1963-01-09',NULL,NULL,216,NULL,NULL,NULL),(65,770771,NULL,NULL,1,1,'Boulat','Olivier',1,NULL,2,'1957-08-04',NULL,NULL,216,NULL,NULL,NULL),(66,1049725,NULL,NULL,1,1,'Boutrel','Benjamin',1,NULL,1,'1972-07-12',NULL,NULL,76,NULL,NULL,NULL),(67,41166,NULL,NULL,1,1,'Bouzourene','Hanifa',2,1,2,'1954-11-15',NULL,NULL,4,NULL,NULL,NULL),(68,730228,NULL,NULL,1,1,'Bovet','Pascal',1,1,1,'1954-06-05','199.54.267.116',NULL,216,NULL,NULL,NULL),(69,790445,NULL,NULL,1,1,'Bovet','Pierre',1,NULL,3,'1946-11-04',NULL,NULL,216,NULL,NULL,NULL),(70,710147,NULL,NULL,1,1,'Bovey','Etienne',1,1,2,'1952-07-19',NULL,NULL,216,NULL,NULL,NULL),(71,1049525,NULL,NULL,1,1,'Boyman','Onur',1,NULL,1,'1975-02-04',NULL,NULL,216,NULL,NULL,NULL),(72,841653,NULL,NULL,1,1,'Braissant','Olivier',1,NULL,1,'1966-12-31','201.66.493.111',NULL,216,NULL,NULL,NULL),(73,730042,NULL,NULL,1,1,'Braunschweig','Richard',1,NULL,2,'1953-05-06',NULL,NULL,216,NULL,NULL,NULL),(74,821171,NULL,NULL,1,1,'Broillet','Marie-Christine',2,NULL,2,'1963-06-09','211.63.671.112',NULL,216,NULL,NULL,NULL),(75,860402,NULL,NULL,1,1,'Bron','Luc',1,NULL,2,'1967-08-27',NULL,NULL,216,NULL,NULL,NULL),(76,911984,NULL,NULL,1,1,'Broome','Martin',1,NULL,2,'1974-10-10',NULL,NULL,216,NULL,NULL,NULL),(77,730208,NULL,NULL,1,1,'Bryois','Christian',1,NULL,2,'1953-07-27',NULL,NULL,216,NULL,NULL,NULL),(78,3142,NULL,NULL,1,1,'Buchegger','Franz',1,NULL,1,'1949-01-29','226.49.129.111',NULL,216,NULL,NULL,NULL),(79,710142,NULL,NULL,1,1,'Buchser','Eric',1,NULL,1,'1949-07-12',NULL,NULL,216,NULL,NULL,NULL),(80,770506,NULL,NULL,1,1,'Buclin','Thierry',1,NULL,2,'1958-07-14',NULL,NULL,216,NULL,NULL,NULL),(81,760365,NULL,NULL,1,1,'Büla','Christophe',1,NULL,2,'1958-02-21',NULL,NULL,216,NULL,NULL,NULL),(82,40390,NULL,NULL,1,1,'Bulliard','Jean-Luc',1,1,2,'1963-03-31','234.63.193.118',NULL,216,NULL,NULL,NULL),(83,811229,NULL,NULL,1,1,'Burdet','Luc',1,NULL,2,'1963-05-03',NULL,NULL,216,NULL,NULL,NULL),(84,710093,NULL,NULL,1,1,'Burnand','Bernard',1,NULL,2,'1953-06-15','242.53.277.110',NULL,216,NULL,NULL,NULL),(85,730397,NULL,NULL,1,1,'Burnier','Michel',1,NULL,1,'1953-03-04','242.53.166.114',NULL,216,NULL,NULL,NULL),(86,1048383,NULL,NULL,1,1,'Busso','Nathalie',2,NULL,1,'1960-05-30',NULL,NULL,76,NULL,NULL,NULL),(87,28691,NULL,NULL,1,1,'Cadas','Hugues',1,1,2,'1970-05-30','250.70.261.157',NULL,76,NULL,NULL,NULL),(88,740326,NULL,NULL,1,1,'Calandra','Thierry',1,1,2,'1956-06-16','251.56.278.117',NULL,216,NULL,NULL,NULL),(89,1064483,NULL,NULL,1,1,'Canny','Geraldine',2,NULL,2,'1975-10-16',NULL,NULL,107,NULL,NULL,NULL),(90,830965,NULL,NULL,1,1,'Cardinaux','Jean-René',1,NULL,2,'1964-09-29','254.64.391.110',NULL,216,NULL,NULL,NULL),(91,910628,NULL,NULL,1,1,'Castella','Vincent',1,NULL,2,'1970-04-07','256.70.207.113',NULL,216,NULL,NULL,NULL),(92,871245,NULL,NULL,1,1,'Cavassini','Matthias',1,NULL,2,'1968-10-31',NULL,NULL,216,NULL,NULL,NULL),(93,910591,NULL,NULL,1,1,'Chabanel','David',1,NULL,1,'1972-02-09',NULL,NULL,216,NULL,NULL,NULL),(94,720177,NULL,NULL,1,1,'Chanson','Alain',1,1,2,'1953-03-09','260.53.171.116',NULL,216,NULL,NULL,NULL),(95,851127,NULL,NULL,1,1,'Chapuisat','Michel',1,NULL,2,'1967-09-01','260.67.363.115',NULL,216,NULL,NULL,NULL),(96,820049,NULL,NULL,1,1,'Chatton','Jean-Yves',1,NULL,2,'1963-07-08','261.63.308.117',NULL,216,NULL,NULL,NULL),(97,710189,NULL,NULL,1,1,'Cherpillod','Jacques',1,NULL,2,'1951-11-27',NULL,NULL,216,NULL,NULL,NULL),(98,740222,NULL,NULL,1,1,'Chevalley','François',1,1,2,'1955-02-28','262.55.159.118',NULL,216,NULL,NULL,NULL),(99,911310,NULL,NULL,1,1,'Chiolero','Arnaud',1,NULL,2,'1971-12-08',NULL,NULL,216,NULL,NULL,NULL),(100,770605,NULL,NULL,1,1,'Chollet-Rivier','Madeleine',2,NULL,2,'1959-05-23',NULL,NULL,216,NULL,NULL,NULL),(101,1027904,NULL,NULL,1,1,'Chrast','Roman',1,1,2,'1971-09-27','264.71.389.314',NULL,216,NULL,NULL,NULL),(102,830023,NULL,NULL,1,1,'Christe','Philippe',1,NULL,2,'1964-02-20','264.64.151.116',NULL,216,NULL,NULL,NULL),(103,39615,NULL,NULL,1,1,'Christen','Stéphanie',2,NULL,3,'1970-12-16',NULL,NULL,216,NULL,NULL,NULL),(104,1108541,NULL,NULL,1,1,'Christin','Laurent',1,NULL,1,'2000-01-01',NULL,NULL,216,NULL,NULL,NULL),(105,911803,NULL,NULL,1,1,'Ciuffi','Angela',2,1,1,'1973-04-21','265.73.621.157',NULL,110,NULL,NULL,NULL),(106,740330,NULL,NULL,1,1,'Clarke Hosek','Stephanie',2,NULL,2,'1954-03-24','266.54.586.119',NULL,216,NULL,NULL,NULL),(107,1070788,NULL,NULL,1,1,'Collier Close','Justine',2,1,2,'1976-06-04','267.76.666.000',NULL,76,NULL,NULL,NULL),(108,740293,NULL,NULL,1,1,'Cometta','Alain',1,1,2,'1956-01-25','268.56.125.415',NULL,216,NULL,NULL,NULL),(109,23463,NULL,NULL,1,1,'Conne','Georges',1,NULL,1,'1949-06-30',NULL,NULL,216,NULL,NULL,NULL),(110,1125959,NULL,NULL,1,1,'Conrad','Curdin',1,NULL,2,'1974-04-19',NULL,NULL,216,NULL,NULL,NULL),(111,800820,NULL,NULL,1,1,'Conus','Philippe',1,1,1,'1961-08-14',NULL,NULL,216,NULL,NULL,NULL),(112,780434,NULL,NULL,1,1,'Cornuz','Jacques',1,1,2,'1959-04-18','270.59.218.110',NULL,216,NULL,NULL,NULL),(113,62703,NULL,NULL,1,1,'Corpataux','Jean-Marc',1,1,2,'1960-08-03',NULL,NULL,216,NULL,NULL,NULL),(114,3228,NULL,NULL,1,1,'Corthésy','Blaise',1,1,3,'1958-09-03','270.58.365.144',NULL,216,NULL,NULL,NULL),(115,4998,NULL,NULL,1,1,'Corthésy Theulaz','Irène',2,NULL,2,'1958-06-23','270.58.685.114',NULL,216,NULL,NULL,NULL),(116,4630,NULL,NULL,1,1,'Cotecchia','Susanna',2,NULL,1,'1955-06-04','271.55.666.256',NULL,216,NULL,NULL,NULL),(117,720022,NULL,NULL,1,1,'Cotting','Jacques',1,NULL,2,'1952-12-16',NULL,NULL,216,NULL,NULL,NULL),(118,1050291,NULL,NULL,1,1,'Cozzi','Luca',1,1,2,'1966-06-19',NULL,NULL,110,NULL,NULL,NULL),(119,44971,NULL,NULL,1,1,'Crevoisier','Xavier',1,NULL,2,'1964-09-17','272.64.379.216',NULL,216,NULL,NULL,NULL),(120,880640,NULL,NULL,1,1,'Croquelois','Alexandre',1,NULL,2,'1969-09-23','273.69.385.211',NULL,216,NULL,NULL,NULL),(121,710298,NULL,NULL,1,1,'Cuénoud','Pierre-François',1,1,2,'1953-01-23',NULL,NULL,216,NULL,NULL,NULL),(122,891208,NULL,NULL,1,1,'D\'Acremont','Valérie',2,1,2,'1971-12-19',NULL,NULL,216,NULL,NULL,NULL),(123,922397,NULL,NULL,1,1,'D\'Ambrogio','Aris',1,1,1,'1974-05-09',NULL,NULL,216,NULL,NULL,NULL),(124,820884,NULL,NULL,1,1,'Daeppen','Jean-Bernard',1,1,2,'1962-05-28',NULL,NULL,216,NULL,NULL,NULL),(125,830225,NULL,NULL,1,1,'Dafflon','Michel',1,NULL,2,'1964-01-30',NULL,NULL,216,NULL,NULL,NULL),(126,1108000,NULL,NULL,1,1,'Daniel','Roy Thomas',1,1,2,'1964-01-05',NULL,NULL,103,NULL,NULL,NULL),(127,64422,NULL,NULL,1,1,'Danuser','Brigitta',2,NULL,2,'1955-04-01',NULL,NULL,216,NULL,NULL,NULL),(128,860440,NULL,NULL,1,1,'De Buys Roessingh','Anthony',1,NULL,2,'1967-09-22',NULL,NULL,216,NULL,NULL,NULL),(129,710149,NULL,NULL,1,1,'De Goumoëns','Pierre',1,NULL,3,'1947-03-30',NULL,NULL,216,NULL,NULL,NULL),(130,1104219,NULL,NULL,1,1,'De Leval','Laurence',2,NULL,1,'1970-12-19',NULL,NULL,22,NULL,NULL,NULL),(131,1053304,NULL,NULL,1,1,'De Lucia','Marzia',2,1,1,'1976-05-02','280.76.633.284',NULL,110,NULL,NULL,NULL),(132,830037,NULL,NULL,1,1,'De Roten','Yves',1,1,2,'1961-09-02','922.61.364.117',NULL,216,NULL,NULL,NULL),(133,760643,NULL,NULL,1,1,'De Vevey','Maryse',2,NULL,2,'1957-11-02',NULL,NULL,216,NULL,NULL,NULL),(134,830842,NULL,NULL,1,1,'Décosterd','Isabelle',2,NULL,2,'1965-12-18','278.65.880.117',NULL,216,NULL,NULL,NULL),(135,781027,NULL,NULL,1,1,'Décosterd','Laurent Arthur',1,NULL,2,'1959-11-28',NULL,NULL,216,NULL,NULL,NULL),(136,1114986,NULL,NULL,1,1,'Degache','Francis',1,NULL,2,'1978-02-12','279.78.143.000',NULL,76,NULL,NULL,NULL),(137,821313,NULL,NULL,1,1,'Deglon','Nicole',2,1,1,'1963-05-17',NULL,NULL,216,NULL,NULL,NULL),(138,710579,NULL,NULL,1,1,'Delaloye','Jean-François',1,1,2,'1952-04-12',NULL,NULL,216,NULL,NULL,NULL),(139,830813,NULL,NULL,1,1,'Delarive','Joakim',1,NULL,2,'1964-06-06','280.64.268.211',NULL,216,NULL,NULL,NULL),(140,770639,NULL,NULL,1,1,'Delorme','Philippe',1,1,2,'1960-01-18',NULL,NULL,216,NULL,NULL,NULL),(141,1046510,NULL,NULL,1,1,'Demartines','Nicolas',1,NULL,2,'1957-06-01',NULL,NULL,216,NULL,NULL,NULL),(142,1124760,NULL,NULL,1,1,'Démonet','Jean-François',1,NULL,2,'1956-06-18',NULL,NULL,76,NULL,NULL,NULL),(143,51014,NULL,NULL,1,1,'Denys','Alban',1,NULL,2,'1963-07-17',NULL,NULL,76,NULL,NULL,NULL),(144,20245,NULL,NULL,1,1,'Depairon Réveilhac','Michèle',2,NULL,2,'1954-01-19',NULL,NULL,216,NULL,NULL,NULL),(145,750317,NULL,NULL,1,1,'Despland','Jean-Nicolas',1,1,2,'1957-05-14',NULL,NULL,216,NULL,NULL,NULL),(146,4996,NULL,NULL,1,1,'Desvergne','Béatrice',2,1,2,'1954-01-17','283.54.517.258',NULL,76,NULL,NULL,NULL),(147,901191,NULL,NULL,1,1,'Di Bernardo','Stefano',1,1,2,'1971-09-30',NULL,NULL,110,NULL,NULL,NULL),(148,730300,NULL,NULL,1,1,'Diebold','Patrick',1,1,2,'1954-10-03',NULL,NULL,216,NULL,NULL,NULL),(149,1114221,NULL,NULL,1,1,'Dietemann','Vincent',1,NULL,1,'1972-10-10','286.72.410.152',NULL,76,NULL,NULL,NULL),(150,841448,NULL,NULL,1,1,'Diserens','Karin',2,1,2,'1959-04-30','287.59.630.310',NULL,216,NULL,NULL,NULL),(151,891090,NULL,NULL,1,1,'Diviani','Dario',1,NULL,2,'1970-09-07','287.70.369.144',NULL,216,NULL,NULL,NULL),(152,39010,NULL,NULL,1,1,'Do Cuenod','Kim Quang',1,NULL,2,'1953-09-17','288.53.779.514',NULL,216,NULL,NULL,NULL),(153,51016,NULL,NULL,1,1,'Doenz','Francesco',1,NULL,2,'1954-03-03',NULL,NULL,216,NULL,NULL,NULL),(154,911809,NULL,NULL,1,1,'Dormond','Olivier',1,1,1,'1973-04-05',NULL,NULL,216,NULL,NULL,NULL),(155,13938,NULL,NULL,1,1,'Dorta','Gian',1,1,2,'1952-10-26',NULL,NULL,216,NULL,NULL,NULL),(156,49320,NULL,NULL,1,1,'Dotto','Gian-Paolo',1,NULL,2,'1956-03-18','289.56.180.459',NULL,110,NULL,NULL,NULL),(157,1117932,NULL,NULL,1,1,'Doyon','Odette',1,1,2,'1953-11-14',NULL,NULL,40,NULL,NULL,NULL),(158,1106357,NULL,NULL,1,1,'Draganski','Bogdan',1,1,2,'1972-01-06',NULL,NULL,157,NULL,NULL,NULL),(159,1036934,NULL,NULL,1,1,'Du Pasquier','Renaud',1,1,2,'1965-06-05','296.65.267.111',NULL,216,NULL,NULL,NULL),(160,37361,NULL,NULL,1,1,'Dubey','Sylvain',1,1,2,'1978-02-25','292.78.156.115',NULL,216,NULL,NULL,NULL),(161,710383,NULL,NULL,1,1,'Dubois-Arber','Françoise',2,NULL,2,'1950-05-06','292.50.637.215',NULL,216,NULL,NULL,NULL),(162,12881,NULL,NULL,1,1,'Duchosal','Michel',1,1,2,'1957-06-05','293.57.267.119',NULL,216,NULL,NULL,NULL),(163,810033,NULL,NULL,1,1,'Dudler','Jean',1,NULL,2,'1961-11-06',NULL,NULL,216,NULL,NULL,NULL),(164,1027392,NULL,NULL,1,1,'Duff','John Michael',1,NULL,2,'1963-06-12',NULL,NULL,107,NULL,NULL,NULL),(165,37903,NULL,NULL,1,1,'Duplain','Hervé',1,NULL,2,'1968-05-16','296.68.247.111',NULL,216,NULL,NULL,NULL),(166,710145,NULL,NULL,1,1,'Duvoisin','Bertrand',1,1,2,'1953-04-04','299.53.204.116',NULL,216,NULL,NULL,NULL),(167,780936,NULL,NULL,1,1,'Eap','Chin Bin',1,1,2,'1959-07-11',NULL,NULL,216,NULL,NULL,NULL),(168,922964,NULL,NULL,1,1,'Eeckhout','Eric',1,NULL,2,'1959-06-02','302.59.264.150',NULL,22,NULL,NULL,NULL),(169,912008,NULL,NULL,1,1,'Egger','Bernard',1,NULL,1,'1972-01-06',NULL,NULL,216,NULL,NULL,NULL),(170,781054,NULL,NULL,1,1,'Eggimann','Philippe',1,1,2,'1960-09-07','306.60.369.119',NULL,216,NULL,NULL,NULL),(171,1028785,NULL,NULL,1,1,'Entenza','Jose Manuel',1,NULL,2,'1956-03-31','318.56.193.244',NULL,216,NULL,NULL,NULL),(172,58369,NULL,NULL,1,1,'Erba','Paolo',1,NULL,1,'1978-09-18',NULL,NULL,216,NULL,NULL,NULL),(173,1102029,NULL,NULL,1,1,'Erne','Michel',1,1,2,'1957-06-29',NULL,NULL,216,NULL,NULL,NULL),(174,44229,NULL,NULL,1,1,'Fanconi','Sergio',1,NULL,2,'1949-10-03','328.49.403.116',NULL,216,NULL,NULL,NULL),(175,841316,NULL,NULL,1,1,'Fankhauser','Christian',1,1,2,'1965-11-26','328.65.457.110',NULL,216,NULL,NULL,NULL),(176,4913,NULL,NULL,1,1,'Farmer','Edward Elliston',1,1,1,'1958-04-17','329.58.217.152',NULL,235,NULL,NULL,NULL),(177,780518,NULL,NULL,1,1,'Farron','Alain',1,NULL,2,'1959-07-10',NULL,NULL,216,NULL,NULL,NULL),(178,740015,NULL,NULL,1,1,'Fasel','Nicolas',1,NULL,2,'1955-03-12','330.55.174.119',NULL,216,NULL,NULL,NULL),(179,1107154,NULL,NULL,1,1,'Fasshauer','Dirk',1,1,1,'1965-02-08','331.65.139.000',NULL,83,NULL,NULL,NULL),(180,1018424,NULL,NULL,1,1,'Favrat','Bernard',1,NULL,3,'1961-07-05',NULL,NULL,216,NULL,NULL,NULL),(181,4286,NULL,NULL,1,1,'Feihl','François',1,1,2,'1947-09-11','335.47.373.214',NULL,216,NULL,NULL,NULL),(182,760087,NULL,NULL,1,1,'Felber','François',1,NULL,5,'1957-09-23','336.57.385.110',NULL,216,NULL,NULL,NULL),(183,770898,NULL,NULL,1,1,'Felley','Christian',1,NULL,2,'1957-02-11',NULL,NULL,216,NULL,NULL,NULL),(184,770343,NULL,NULL,1,1,'Felley-Bosco','Emanuela',2,NULL,2,'1959-01-23','337.59.523.119',NULL,216,NULL,NULL,NULL),(185,1064489,NULL,NULL,1,1,'Ferrari','Enrico',1,NULL,2,'1972-08-04',NULL,NULL,110,NULL,NULL,NULL),(186,68605,NULL,NULL,1,1,'Fiche','Maryse',2,NULL,1,'1957-12-22',NULL,NULL,76,NULL,NULL,NULL),(187,18651,NULL,NULL,1,1,'Firsov','Dmitri',1,NULL,2,'1965-03-21','341.65.183.284',NULL,183,NULL,NULL,NULL),(188,811561,NULL,NULL,1,1,'Fishman','Daniel',1,1,2,'1961-01-25',NULL,NULL,216,NULL,NULL,NULL),(189,3338,NULL,NULL,1,1,'Fitting','Jean-William',1,1,2,'1950-02-06','344.50.137.113',NULL,216,NULL,NULL,NULL),(190,1113671,NULL,NULL,1,1,'Fitze','Patrick Stefan',1,NULL,2,'1971-10-22','344.71.422.000',NULL,216,NULL,NULL,NULL),(191,1074191,NULL,NULL,1,1,'Frackowiak','Richard',1,NULL,2,'1950-03-26',NULL,NULL,235,NULL,NULL,NULL),(192,3356,NULL,NULL,1,1,'Francioli','Patrick',1,NULL,2,'1947-04-22',NULL,NULL,216,NULL,NULL,NULL),(193,71174,NULL,NULL,1,1,'Franken','Paul',1,NULL,2,'1959-11-03','356.59.434.154',NULL,157,NULL,NULL,NULL),(194,14584,NULL,NULL,1,1,'Frey','Peter',1,1,2,'1948-01-14','361.48.114.115',NULL,216,NULL,NULL,NULL),(195,33360,NULL,NULL,1,1,'Frischknecht','Rolf',1,NULL,1,'1954-05-18',NULL,NULL,216,NULL,NULL,NULL),(196,4357,NULL,NULL,1,1,'Fromer','Martin',1,1,2,'1949-10-02',NULL,NULL,216,NULL,NULL,NULL),(197,840958,NULL,NULL,1,1,'Fumagalli','Luca',1,NULL,2,'1965-03-10','372.65.172.211',NULL,216,NULL,NULL,NULL),(198,851187,NULL,NULL,1,1,'Fumeaux','Thierry',1,NULL,2,'1965-08-24',NULL,NULL,216,NULL,NULL,NULL),(199,831581,NULL,NULL,1,1,'Gabutti','Luca',1,NULL,1,'1963-10-07','000.00.000.000',NULL,216,NULL,NULL,NULL),(200,1101538,NULL,NULL,1,1,'Gachon','Frédéric',1,1,2,'1974-02-21','375.74.152.000',NULL,76,NULL,NULL,NULL),(201,710258,NULL,NULL,1,1,'Galland','Christiane',2,NULL,1,'1949-05-16',NULL,NULL,216,NULL,NULL,NULL),(202,740243,NULL,NULL,1,1,'Gasser','Jacques',1,1,1,'1956-03-28','382.56.190.114',NULL,216,NULL,NULL,NULL),(203,1113447,NULL,NULL,1,1,'Gatfield','David',1,1,2,'1974-04-06','383.74.206.000',NULL,83,NULL,NULL,NULL),(204,1072110,NULL,NULL,1,1,'Gautier','Emanuel',1,1,3,'1954-02-20',NULL,NULL,216,NULL,NULL,NULL),(205,760323,NULL,NULL,1,1,'Gehri','Mario',1,1,2,'1957-01-11',NULL,NULL,216,NULL,NULL,NULL),(206,1060248,NULL,NULL,1,1,'Geldner','Niko',1,NULL,1,'1972-05-29','388.72.260.150',NULL,83,NULL,NULL,NULL),(207,4885,NULL,NULL,1,1,'Genoud','Michel',1,NULL,2,'1952-11-29','388.52.460.110',NULL,216,NULL,NULL,NULL),(208,740369,NULL,NULL,1,1,'Genton','Blaise',1,NULL,2,'1956-06-15',NULL,NULL,216,NULL,NULL,NULL),(209,750481,NULL,NULL,1,1,'Ghika','Joseph',1,NULL,2,'1955-04-04','393.55.205.111',NULL,216,NULL,NULL,NULL),(210,1122297,NULL,NULL,1,1,'Giacalone','Pierre Ludovic',1,1,1,'1964-01-01',NULL,NULL,76,NULL,NULL,NULL),(211,55148,NULL,NULL,1,1,'Giannakopoulos','Panteleimon',1,NULL,2,'1965-02-14','394.65.145.211',NULL,216,NULL,NULL,NULL),(212,800161,NULL,NULL,1,1,'Gilgien','Willy',1,NULL,2,'1961-05-22',NULL,NULL,216,NULL,NULL,NULL),(213,1113403,NULL,NULL,1,1,'Gilliet','Michel François',1,NULL,2,'1969-06-12',NULL,NULL,216,NULL,NULL,NULL),(214,1056668,NULL,NULL,1,1,'Girardin','Eric',1,NULL,2,'1949-06-18',NULL,NULL,216,NULL,NULL,NULL),(215,860023,NULL,NULL,1,1,'Girod','Grégoire',1,1,2,'1966-08-30',NULL,NULL,216,NULL,NULL,NULL),(216,760753,NULL,NULL,1,1,'Giroud','Christian',1,NULL,2,'1956-01-07',NULL,NULL,216,NULL,NULL,NULL),(217,65117,NULL,NULL,1,1,'Giusti','Vittorio',1,1,2,'1965-02-25',NULL,NULL,110,NULL,NULL,NULL),(218,821204,NULL,NULL,1,1,'Glardon','Philippe',1,1,2,'1963-11-11','400.63.442.110',NULL,216,NULL,NULL,NULL),(219,1030492,NULL,NULL,1,1,'Gmel','Gerhard',1,1,2,'1960-10-18',NULL,NULL,83,NULL,NULL,NULL),(220,750124,NULL,NULL,1,1,'Goloubinoff','Pierre',1,NULL,2,'1957-04-04','403.57.204.218',NULL,216,NULL,NULL,NULL),(221,870610,NULL,NULL,1,1,'Golshayan','Déla',2,NULL,1,'1968-08-29',NULL,NULL,216,NULL,NULL,NULL),(222,45320,NULL,NULL,1,1,'Gothuey','Isabelle',2,NULL,2,'1964-04-29',NULL,NULL,216,NULL,NULL,NULL),(223,7148,NULL,NULL,1,1,'Goudet','Jérôme',1,NULL,2,'1965-03-03','404.65.165.784',NULL,76,NULL,NULL,NULL),(224,1062200,NULL,NULL,1,1,'Goulet','Céline',2,1,2,'1952-10-27','0',NULL,40,NULL,NULL,NULL),(225,19271,NULL,NULL,1,1,'Gravier','Bruno',1,NULL,2,'1953-10-03',NULL,NULL,76,NULL,NULL,NULL),(226,810745,NULL,NULL,1,1,'Graz','Bertrand',1,NULL,1,'1963-03-03','407.63.165.215',NULL,216,NULL,NULL,NULL),(227,39326,NULL,NULL,1,1,'Gremion','Gérald',1,1,2,'1951-06-12','408.51.264.113',NULL,216,NULL,NULL,NULL),(228,922930,NULL,NULL,1,1,'Greub','Gilbert',1,1,2,'1967-08-06','409.67.337.112',NULL,216,NULL,NULL,NULL),(229,17081,NULL,NULL,1,1,'Gross-Foetisch','Nicole',2,1,3,'1949-10-07',NULL,NULL,216,NULL,NULL,NULL),(230,38538,NULL,NULL,1,1,'Grouzmann','Eric',1,1,2,'1957-04-20',NULL,NULL,76,NULL,NULL,NULL),(231,1030596,NULL,NULL,1,1,'Guarda','Greta',2,1,1,'1980-01-23','418.80.523.110',NULL,216,NULL,NULL,NULL),(232,730037,NULL,NULL,1,1,'Gudinchet','François',1,NULL,2,'1955-06-08','419.55.270.116',NULL,216,NULL,NULL,NULL),(233,800400,NULL,NULL,1,1,'Guex-Crosier','Yan',1,NULL,2,'1960-10-19',NULL,NULL,216,NULL,NULL,NULL),(234,12024,NULL,NULL,1,1,'Guillou','Louis',1,NULL,3,'1957-06-25',NULL,NULL,76,NULL,NULL,NULL),(235,861627,NULL,NULL,1,1,'Guisan','Antoine',1,NULL,2,'1966-06-07','421.66.269.118',NULL,216,NULL,NULL,NULL),(236,790408,NULL,NULL,1,1,'Haefliger','Jacques-Antoine',1,1,2,'1959-08-30',NULL,NULL,216,NULL,NULL,NULL),(237,1065731,NULL,NULL,1,1,'Hafen','Gaudenz',1,1,2,'1969-09-09',NULL,NULL,216,NULL,NULL,NULL),(238,11329,NULL,NULL,1,1,'Hagmann','Patric',1,NULL,2,'1975-07-25',NULL,NULL,216,NULL,NULL,NULL),(239,1125181,NULL,NULL,1,1,'Hahnloser','Dieter',1,NULL,2,'1969-05-27',NULL,NULL,216,NULL,NULL,NULL),(240,6569,NULL,NULL,1,1,'Halfon','Olivier',1,NULL,2,'1952-06-22',NULL,NULL,76,NULL,NULL,NULL),(241,17102,NULL,NULL,1,1,'Halfon','Patricia',2,1,3,'1954-08-06',NULL,NULL,76,NULL,NULL,NULL),(242,932851,NULL,NULL,1,1,'Halkic','Nermin',1,1,1,'1959-03-17',NULL,NULL,29,NULL,NULL,NULL),(243,880703,NULL,NULL,1,1,'Haller','Claude',1,1,2,'1968-06-02','436.68.264.116',NULL,216,NULL,NULL,NULL),(244,1028105,NULL,NULL,1,1,'Hamedani','Mehrad',1,NULL,1,'1965-09-01',NULL,NULL,76,NULL,NULL,NULL),(245,1074927,NULL,NULL,1,1,'Hans','Didier',1,1,3,'1967-03-12',NULL,NULL,76,NULL,NULL,NULL),(246,932623,NULL,NULL,1,1,'Harari','Alexandre',1,NULL,1,'1971-12-13','441.71.475.144',NULL,216,NULL,NULL,NULL),(247,1028258,NULL,NULL,1,1,'Hardtke','Christian S',1,NULL,2,'1968-01-01','441.68.101.152',NULL,83,NULL,NULL,NULL),(248,61273,NULL,NULL,1,1,'Harshman','Keith',1,NULL,2,'1958-02-19','441.58.150.155',NULL,236,NULL,NULL,NULL),(249,790826,NULL,NULL,1,1,'Hauser','Philippe',1,NULL,2,'1961-02-09','446.61.140.116',NULL,216,NULL,NULL,NULL),(250,771039,NULL,NULL,1,1,'Hayoz','Daniel',1,NULL,2,'1956-06-11','449.56.273.118',NULL,216,NULL,NULL,NULL),(251,34072,NULL,NULL,1,1,'Hegi','Monika',2,NULL,3,'1962-09-10',NULL,NULL,216,NULL,NULL,NULL),(252,891406,NULL,NULL,1,1,'Heinzer','Raphaël',1,1,2,'1971-01-14',NULL,NULL,216,NULL,NULL,NULL),(253,27453,NULL,NULL,1,1,'Held','Werner',1,1,2,'1961-02-09','455.61.140.000',NULL,216,NULL,NULL,NULL),(254,730390,NULL,NULL,1,1,'Herbort','Carl P.',1,1,2,'1953-06-18','463.53.280.112',NULL,216,NULL,NULL,NULL),(255,750291,NULL,NULL,1,1,'Héritier','Francis',1,1,2,'1956-11-21',NULL,NULL,216,NULL,NULL,NULL),(256,71180,NULL,NULL,1,1,'Hernandez','Nouria',2,NULL,2,'1957-05-13','464.57.644.116',NULL,216,NULL,NULL,NULL),(257,71177,NULL,NULL,1,1,'Herr','Winship',1,NULL,2,'1953-06-08','465.53.270.251',NULL,236,NULL,NULL,NULL),(258,740332,NULL,NULL,1,1,'Herzig','Lilli',2,1,1,'1953-09-07',NULL,NULL,216,NULL,NULL,NULL),(259,791500,NULL,NULL,1,1,'Hirt','Lorenz',1,NULL,2,'1961-12-02',NULL,NULL,216,NULL,NULL,NULL),(260,39606,NULL,NULL,1,1,'Hofer','Michael',1,NULL,2,'1960-02-14','000.00.000.000',NULL,216,NULL,NULL,NULL),(261,710541,NULL,NULL,1,1,'Hofner','Marie-Claude',2,NULL,1,'1951-07-07',NULL,NULL,216,NULL,NULL,NULL),(262,4944,NULL,NULL,1,1,'Hohl','Daniel',1,1,2,'1955-10-06','480.55.406.114',NULL,216,NULL,NULL,NULL),(263,750167,NULL,NULL,1,1,'Hohlfeld','Judith Anne',2,1,2,'1951-05-22','480.51.653.214',NULL,216,NULL,NULL,NULL),(264,740366,NULL,NULL,1,1,'Hohlfeld','Patrick',1,NULL,2,'1954-10-06',NULL,NULL,216,NULL,NULL,NULL),(265,41361,NULL,NULL,1,1,'Holzer','Laurent',1,1,2,'1964-06-18',NULL,NULL,216,NULL,NULL,NULL),(266,720052,NULL,NULL,1,1,'Hornung','Jean-Pierre',1,1,2,'1954-01-29','483.54.129.119',NULL,216,NULL,NULL,NULL),(267,1052328,NULL,NULL,1,1,'Hu','Bing',1,1,2,'1974-03-31','485.74.193.152',NULL,46,NULL,NULL,NULL),(268,50365,NULL,NULL,1,1,'Huber','Harry',1,1,2,'1955-05-11','485.55.242.215',NULL,216,NULL,NULL,NULL),(269,28149,NULL,NULL,1,1,'Huber','Marcel',1,1,2,'1957-12-10','485.57.472.110',NULL,216,NULL,NULL,NULL),(270,821347,NULL,NULL,1,1,'Hügli','Olivier William',1,NULL,2,'1963-01-02',NULL,NULL,216,NULL,NULL,NULL),(271,1072100,NULL,NULL,1,1,'Hullin','Roger',1,NULL,2,'1961-10-08',NULL,NULL,83,NULL,NULL,NULL),(272,1102432,NULL,NULL,1,1,'Humbel','Bruno Martin',1,NULL,1,'1956-08-06','490.56.337.112',NULL,216,NULL,NULL,NULL),(273,4884,NULL,NULL,1,1,'Hummler Beermann','Edith',2,NULL,2,'1959-10-09','490.59.809.155',NULL,216,NULL,NULL,NULL),(274,1053434,NULL,NULL,1,1,'Jacquemont','Sebastien',1,1,2,'1972-04-20',NULL,NULL,76,NULL,NULL,NULL),(275,720143,NULL,NULL,1,1,'Jeanrenaud','Xavier',1,NULL,2,'1953-08-11','510.53.342.144',NULL,216,NULL,NULL,NULL),(276,64987,NULL,NULL,1,1,'Jha','Prabhat',1,1,2,'1965-02-12',NULL,NULL,40,NULL,NULL,NULL),(277,730039,NULL,NULL,1,1,'Jichlinski','Patrice',1,NULL,2,'1954-07-07',NULL,NULL,216,NULL,NULL,NULL),(278,781049,NULL,NULL,1,1,'Jolidon','René-Marc',1,1,1,'1959-10-19',NULL,NULL,216,NULL,NULL,NULL),(279,851603,NULL,NULL,1,1,'Jolles-Haeberli','Brigitte',2,1,2,'1967-07-24',NULL,NULL,128,NULL,NULL,NULL),(280,1102082,NULL,NULL,1,1,'Jolliet','Philippe',1,1,2,'1951-01-12',NULL,NULL,216,NULL,NULL,NULL),(281,4282,NULL,NULL,1,1,'Jongeneel','Cornelis Victor',1,NULL,2,'1951-09-02','516.51.364.357',NULL,157,NULL,NULL,NULL),(282,780660,NULL,NULL,1,1,'Joseph','Jean-Marc',1,NULL,2,'1959-12-02',NULL,NULL,216,NULL,NULL,NULL),(283,12451,NULL,NULL,1,1,'Juillerat-Jeanneret','Lucienne',2,NULL,2,'1947-08-03','521.47.734.115',NULL,216,NULL,NULL,NULL),(284,760288,NULL,NULL,1,1,'Junod','Michel',1,NULL,2,'1956-02-09',NULL,NULL,216,NULL,NULL,NULL),(285,67879,NULL,NULL,1,1,'Kaessmann','Henrik',1,NULL,2,'1971-06-05','532.71.267.157',NULL,83,NULL,NULL,NULL),(286,1065719,NULL,NULL,1,1,'Kalbermatten','Daniel',1,NULL,2,'1969-08-23',NULL,NULL,216,NULL,NULL,NULL),(287,790025,NULL,NULL,1,1,'Kasas','Sandor',1,1,1,'1960-06-14','531.60.276.211',NULL,216,NULL,NULL,NULL),(288,1117118,NULL,NULL,1,1,'Katanaev','Vladimir',1,1,2,'1973-07-19','533.73.319.000',NULL,183,NULL,NULL,NULL),(289,70174,NULL,NULL,1,1,'Kawasaki','Aki',2,NULL,2,'1963-03-06',NULL,NULL,236,NULL,NULL,NULL),(290,1057529,NULL,NULL,1,1,'Kawecki','Tadeusz',1,1,2,'1966-09-01','534.66.363.150',NULL,177,NULL,NULL,NULL),(291,17053,NULL,NULL,1,1,'Keel','Christoph',1,1,2,'1960-11-14','535.60.445.144',NULL,216,NULL,NULL,NULL),(292,28677,NULL,NULL,1,1,'Kellenberger','Stephan',1,NULL,2,'1960-11-27','536.60.458.111',NULL,216,NULL,NULL,NULL),(293,790866,NULL,NULL,1,1,'Keller','Laurent',1,NULL,1,'1961-02-28','536.61.159.118',NULL,216,NULL,NULL,NULL),(294,1055462,NULL,NULL,1,1,'Kern','Christian',1,1,2,'1956-07-24',NULL,NULL,216,NULL,NULL,NULL),(295,801151,NULL,NULL,1,1,'Ketterer','Nicolas',1,NULL,2,'1961-08-13',NULL,NULL,216,NULL,NULL,NULL),(296,1072973,NULL,NULL,1,1,'Khanfir','Kaouthar',2,NULL,2,'1968-12-10',NULL,NULL,227,NULL,NULL,NULL),(297,1105142,NULL,NULL,1,1,'Kherif','Ferath',1,NULL,1,'1973-10-06',NULL,NULL,76,NULL,NULL,NULL),(298,710037,NULL,NULL,1,1,'Klainguti','Georges',1,NULL,1,'1947-03-16',NULL,NULL,216,NULL,NULL,NULL),(299,45065,NULL,NULL,1,1,'Knyazeva','Maria',2,NULL,3,'1950-10-20','549.50.820.252',NULL,183,NULL,NULL,NULL),(300,3584,NULL,NULL,1,1,'Kraftsik','Rudolf',1,1,2,'1947-09-22','560.47.384.244',NULL,216,NULL,NULL,NULL),(301,810520,NULL,NULL,1,1,'Krieg','Marc-Antoine',1,1,2,'1954-05-26',NULL,NULL,216,NULL,NULL,NULL),(302,1102548,NULL,NULL,1,1,'Kundig','François',1,NULL,1,'1965-08-24',NULL,NULL,216,NULL,NULL,NULL),(303,740489,NULL,NULL,1,1,'Kuntzer','Thierry',1,NULL,2,'1956-02-20','569.56.151.312',NULL,216,NULL,NULL,NULL),(304,1064264,NULL,NULL,1,1,'Kunz','Stefan',1,1,2,'1966-08-19',NULL,NULL,216,NULL,NULL,NULL),(305,1048220,NULL,NULL,1,1,'Kutalik','Zoltan',1,NULL,1,'1978-12-30','574.78.492.156',NULL,101,NULL,NULL,NULL),(306,3592,NULL,NULL,1,1,'La Vecchia','Carlo',1,NULL,2,'1955-02-27',NULL,NULL,110,NULL,NULL,NULL),(307,820955,NULL,NULL,1,1,'Lamy','Olivier',1,NULL,2,'1962-02-04',NULL,NULL,216,NULL,NULL,NULL),(308,1103859,NULL,NULL,1,1,'Lapointe','Christine',2,NULL,1,'1975-01-01',NULL,NULL,40,NULL,NULL,NULL),(309,1026587,NULL,NULL,1,1,'Lapouge','Karine',2,1,1,'1973-03-14','580.73.576.154',NULL,76,NULL,NULL,NULL),(310,790707,NULL,NULL,1,1,'Laubscher','Bernard',1,NULL,2,'1960-07-25',NULL,NULL,216,NULL,NULL,NULL),(311,12162,NULL,NULL,1,1,'Launois','Pascal',1,1,2,'1957-12-14',NULL,NULL,76,NULL,NULL,NULL),(312,20041,NULL,NULL,1,1,'Laurent-Applegate','Lee',2,NULL,2,'1962-08-07',NULL,NULL,216,NULL,NULL,NULL),(313,810675,NULL,NULL,1,1,'Lazor','Romain',1,1,2,'1963-07-06',NULL,NULL,216,NULL,NULL,NULL),(314,51899,NULL,NULL,1,1,'Lebrand','Cécile',2,1,1,'1968-06-02','585.68.664.157',NULL,76,NULL,NULL,NULL),(315,931582,NULL,NULL,1,1,'Lehmann','Laurent',1,NULL,2,'1973-09-10','588.73.372.115',NULL,216,NULL,NULL,NULL),(316,1027607,NULL,NULL,1,1,'Lehr','Hans-Anton',1,NULL,2,'1961-05-06',NULL,NULL,83,NULL,NULL,NULL),(317,821258,NULL,NULL,1,1,'Lepori','Mattia',1,NULL,2,'1963-06-05','593.63.267.216',NULL,216,NULL,NULL,NULL),(318,740389,NULL,NULL,1,1,'Leuba Gfeller','Geneviève',2,NULL,2,'1947-04-17','597.47.617.244',NULL,216,NULL,NULL,NULL),(319,3630,NULL,NULL,1,1,'Levi','Fabio Giorgio',1,NULL,2,'1949-07-05',NULL,NULL,216,NULL,NULL,NULL),(320,1056597,NULL,NULL,1,1,'Levivier','Marc',1,1,2,'1959-09-06',NULL,NULL,22,NULL,NULL,NULL),(321,27452,NULL,NULL,1,1,'Lévy','Frédéric',1,NULL,2,'1963-10-17',NULL,NULL,216,NULL,NULL,NULL),(322,710559,NULL,NULL,1,1,'Leyvraz','Pierre-François',1,NULL,2,'1949-12-11',NULL,NULL,216,NULL,NULL,NULL),(323,710542,NULL,NULL,1,1,'Leyvraz','Serge',1,NULL,2,'1950-12-24','599.50.486.117',NULL,216,NULL,NULL,NULL),(324,830769,NULL,NULL,1,1,'Liaudet','Lucas',1,NULL,2,'1964-09-27',NULL,NULL,216,NULL,NULL,NULL),(325,1062540,NULL,NULL,1,1,'Locatelli','Isabella',2,NULL,2,'1974-02-04','610.74.535.258',NULL,110,NULL,NULL,NULL),(326,922775,NULL,NULL,1,1,'Luther','Sanjiv',1,NULL,2,'1967-04-10','621.67.210.312',NULL,216,NULL,NULL,NULL),(327,821522,NULL,NULL,1,1,'Luthi','François',1,NULL,2,'1962-09-05',NULL,NULL,216,NULL,NULL,NULL),(328,810586,NULL,NULL,1,1,'Luthi','Jean-Christophe',1,NULL,2,'1962-05-30',NULL,NULL,216,NULL,NULL,NULL),(329,1064696,NULL,NULL,1,1,'Lüthi','Anita',2,1,2,'1968-11-28','621.68.859.118',NULL,216,NULL,NULL,NULL),(330,810629,NULL,NULL,1,1,'Lutz','Nicolas',1,NULL,2,'1962-12-11',NULL,NULL,216,NULL,NULL,NULL),(331,6388,NULL,NULL,1,1,'Maeder','Philippe',1,1,2,'1957-07-02','626.57.302.215',NULL,216,NULL,NULL,NULL),(332,3657,NULL,NULL,1,1,'Magistretti','Pierre',1,NULL,2,'1952-09-30','627.52.392.213',NULL,216,NULL,NULL,NULL),(333,770403,NULL,NULL,1,1,'Magnusson','Lennart',1,NULL,2,'1959-04-20',NULL,NULL,216,NULL,NULL,NULL),(334,850555,NULL,NULL,1,1,'Maire','Brigitte',2,NULL,1,'1967-03-16','628.67.578.213',NULL,216,NULL,NULL,NULL),(335,760147,NULL,NULL,1,1,'Maire','Raphaël',1,NULL,2,'1958-02-14',NULL,NULL,216,NULL,NULL,NULL),(336,17096,NULL,NULL,1,1,'Majcherczyk','Paul',1,1,2,'1968-06-17','628.68.279.252',NULL,235,NULL,NULL,NULL),(337,1026475,NULL,NULL,1,1,'Majo','François',1,1,2,'1966-01-25',NULL,NULL,76,NULL,NULL,NULL),(338,70592,NULL,NULL,1,1,'Malatesta','Davide',1,NULL,1,'1972-12-19','629.72.481.357',NULL,110,NULL,NULL,NULL),(339,22278,NULL,NULL,1,1,'Mangin','Patrice',1,NULL,2,'1950-07-09',NULL,NULL,76,NULL,NULL,NULL),(340,1026755,NULL,NULL,1,1,'Mantel','Irmela',2,NULL,2,'1969-12-04',NULL,NULL,216,NULL,NULL,NULL),(341,3675,NULL,NULL,1,1,'Marazzi','Alfio',1,NULL,2,'1947-06-02',NULL,NULL,110,NULL,NULL,NULL),(342,27808,NULL,NULL,1,1,'Marchetti','Oscar',1,1,2,'1962-09-10','630.62.372.216',NULL,216,NULL,NULL,NULL),(343,1062107,NULL,NULL,1,1,'Marques-Vidal','Pedro Manuel',1,NULL,2,'1962-11-11',NULL,NULL,178,NULL,NULL,NULL),(344,861631,NULL,NULL,1,1,'Marquet','Pierre',1,NULL,1,'1967-05-25','631.67.256.211',NULL,216,NULL,NULL,NULL),(345,1104502,NULL,NULL,1,1,'Marsland','Benjamin',1,NULL,2,'1977-06-26',NULL,NULL,159,NULL,NULL,NULL),(346,4234,NULL,NULL,1,1,'Martin','Jean-Luc',1,NULL,2,'1959-01-10','633.59.110.210',NULL,216,NULL,NULL,NULL),(347,931125,NULL,NULL,1,1,'Martin','Sophie',2,NULL,2,'1975-10-19','633.75.819.513',NULL,216,NULL,NULL,NULL),(348,931756,NULL,NULL,1,1,'Martinon','Fabio',1,NULL,1,'1976-09-29','633.76.391.150',NULL,110,NULL,NULL,NULL),(349,1030514,NULL,NULL,1,1,'Marty','Bettina',2,NULL,1,'1961-03-03',NULL,NULL,216,NULL,NULL,NULL),(350,781030,NULL,NULL,1,1,'Matter','Maurice',1,NULL,2,'1959-12-03','637.59.465.115',NULL,216,NULL,NULL,NULL),(351,901447,NULL,NULL,1,1,'Matzinger','Oscar',1,1,2,'1970-12-07','637.70.469.114',NULL,216,NULL,NULL,NULL),(352,920721,NULL,NULL,1,1,'Mayer','Andreas',1,1,2,'1965-12-27','639.65.489.284',NULL,83,NULL,NULL,NULL),(353,780526,NULL,NULL,1,1,'Mazzocato','Claudia',2,NULL,1,'1960-03-25','639.60.587.210',NULL,216,NULL,NULL,NULL),(354,16916,NULL,NULL,1,1,'Mazzolai','Lucia',2,NULL,2,'1965-03-11','639.65.573.315',NULL,216,NULL,NULL,NULL),(355,851019,NULL,NULL,1,1,'Meier','Pascal',1,NULL,2,'1965-08-05',NULL,NULL,216,NULL,NULL,NULL),(356,69834,NULL,NULL,1,1,'Meijboom','Erik Jan',1,NULL,2,'1947-06-18',NULL,NULL,236,NULL,NULL,NULL),(357,3719,NULL,NULL,1,1,'Mermod','Nicolas',1,NULL,2,'1958-09-26','644.58.388.111',NULL,216,NULL,NULL,NULL),(358,1048380,NULL,NULL,1,1,'Metzger','Jacques-Thierry',1,NULL,1,'1957-05-02',NULL,NULL,216,NULL,NULL,NULL),(359,740545,NULL,NULL,1,1,'Meuli','Reto',1,NULL,2,'1955-08-07','646.55.338.118',NULL,216,NULL,NULL,NULL),(360,780023,NULL,NULL,1,1,'Meuwly','Jean-Yves',1,NULL,1,'1960-03-11',NULL,NULL,216,NULL,NULL,NULL),(361,710455,NULL,NULL,1,1,'Meylan','Pascal',1,NULL,2,'1953-07-12','644.53.312.113',NULL,216,NULL,NULL,NULL),(362,720261,NULL,NULL,1,1,'Meyrat','Blaise Julien',1,1,2,'1953-06-30',NULL,NULL,216,NULL,NULL,NULL),(363,11984,NULL,NULL,1,1,'Michalik','Liliane',2,NULL,1,'1966-01-21','651.66.521.453',NULL,76,NULL,NULL,NULL),(364,710353,NULL,NULL,1,1,'Michaud','Alain François',1,1,1,'1951-01-16',NULL,NULL,216,NULL,NULL,NULL),(365,45089,NULL,NULL,1,1,'Michaud','Katarzyna',2,1,2,'1968-12-10',NULL,NULL,216,NULL,NULL,NULL),(366,25888,NULL,NULL,1,1,'Michaud','Pierre-André',1,NULL,2,'1949-06-13',NULL,NULL,216,NULL,NULL,NULL),(367,1057011,NULL,NULL,1,1,'Michel','Jean-Marie',1,1,2,'1965-01-21',NULL,NULL,216,NULL,NULL,NULL),(368,710333,NULL,NULL,1,1,'Michel','Luc',1,1,2,'1952-04-06',NULL,NULL,216,NULL,NULL,NULL),(369,1046582,NULL,NULL,1,1,'Michel','Patrik',1,NULL,2,'1965-03-31','01.01.08',NULL,216,NULL,NULL,NULL),(370,861316,NULL,NULL,1,1,'Michielin','Olivier',1,NULL,1,'1968-05-20',NULL,NULL,216,NULL,NULL,NULL),(371,1072060,NULL,NULL,1,1,'Millet','Grégoire',1,NULL,2,'1962-07-16','652.62.316.000',NULL,76,NULL,NULL,NULL),(372,37201,NULL,NULL,1,1,'Minehira','Kaori',2,NULL,2,'1972-03-14','653.72.576.256',NULL,112,NULL,NULL,NULL),(373,440012,NULL,NULL,1,1,'Mirimanoff','René-Olivier',1,1,2,'1946-09-28',NULL,NULL,216,NULL,NULL,NULL),(374,770612,NULL,NULL,1,1,'Mirkovitch','Jovan',1,1,2,'1959-07-22','000.00.000.000',NULL,216,NULL,NULL,NULL),(375,64733,NULL,NULL,1,1,'Moeckli','Raphaël',1,NULL,2,'1968-04-09','655.68.209.111',NULL,216,NULL,NULL,NULL),(376,932157,NULL,NULL,1,1,'Monney Chaubert','Carole',2,1,1,'1974-12-24',NULL,NULL,216,NULL,NULL,NULL),(377,710120,NULL,NULL,1,1,'Monnier','Philippe',1,NULL,2,'1947-06-21',NULL,NULL,216,NULL,NULL,NULL),(378,710388,NULL,NULL,1,1,'Monod','Michel',1,NULL,1,'1953-07-28','659.53.328.113',NULL,216,NULL,NULL,NULL),(379,780683,NULL,NULL,1,1,'Mooser','Vincent',1,1,2,'1959-11-19','660.59.450.116',NULL,216,NULL,NULL,NULL),(380,1034417,NULL,NULL,1,1,'Moradpour','Darius',1,NULL,3,'1962-12-05','661.62.467.213',NULL,216,NULL,NULL,NULL),(381,710528,NULL,NULL,1,1,'Moreillon','Philippe',1,1,2,'1952-01-17','662.52.117.114',NULL,216,NULL,NULL,NULL),(382,1106356,NULL,NULL,1,1,'Morin','Diane',2,1,2,'1954-06-01',NULL,NULL,40,NULL,NULL,NULL),(383,1071535,NULL,NULL,1,1,'Mottet','Christian',1,1,1,'1967-06-04',NULL,NULL,216,NULL,NULL,NULL),(384,45084,NULL,NULL,1,1,'Mouhsine','Elyazid',1,1,2,'1964-04-06',NULL,NULL,151,NULL,NULL,NULL),(385,720145,NULL,NULL,1,1,'Muehlemann','Nicole',2,NULL,1,'1954-10-11',NULL,NULL,216,NULL,NULL,NULL),(386,901186,NULL,NULL,1,1,'Muller','Olivier',1,NULL,2,'1970-08-16','671.70.347.312',NULL,216,NULL,NULL,NULL),(387,35055,NULL,NULL,1,1,'Müller-Nix','Carole',2,1,2,'1954-04-22',NULL,NULL,216,NULL,NULL,NULL),(388,770588,NULL,NULL,1,1,'Munier','Francis',1,NULL,2,'1958-04-15',NULL,NULL,216,NULL,NULL,NULL),(389,70287,NULL,NULL,1,1,'Murray','Micah',1,NULL,2,'1973-11-23','673.73.454.254',NULL,236,NULL,NULL,NULL),(390,770634,NULL,NULL,1,1,'Nardelli Haefliger','Denise',2,NULL,2,'1960-02-01','676.60.532.215',NULL,216,NULL,NULL,NULL),(391,1027540,NULL,NULL,1,1,'Nawrath','Christiane',2,1,2,'1962-06-23','676.62.685.353',NULL,83,NULL,NULL,NULL),(392,1117987,NULL,NULL,1,1,'Needham','Ian',1,1,1,'1953-06-19',NULL,NULL,216,NULL,NULL,NULL),(393,912202,NULL,NULL,1,1,'Newman','Christopher',1,NULL,2,'1973-08-22',NULL,NULL,216,NULL,NULL,NULL),(394,720091,NULL,NULL,1,1,'Nicod','Laurent',1,NULL,2,'1953-11-09',NULL,NULL,216,NULL,NULL,NULL),(395,3781,NULL,NULL,1,1,'Nicod','Pascal',1,NULL,2,'1949-09-21',NULL,NULL,216,NULL,NULL,NULL),(396,1070625,NULL,NULL,1,1,'Niederländer','Nicolas',1,1,2,'1977-05-16','682.77.247.000',NULL,76,NULL,NULL,NULL),(397,831626,NULL,NULL,1,1,'Noël','Bernard',1,NULL,1,'1961-02-23',NULL,NULL,216,NULL,NULL,NULL),(398,3787,NULL,NULL,1,1,'Nussberger','Jürg',1,NULL,2,'1947-02-24','687.47.155.112',NULL,216,NULL,NULL,NULL),(399,1053423,NULL,NULL,1,1,'Nydegger','Andreas',1,NULL,1,'1968-05-30',NULL,NULL,216,NULL,NULL,NULL),(400,34542,NULL,NULL,1,1,'Ochsner','François',1,1,2,'1948-08-21',NULL,NULL,216,NULL,NULL,NULL),(401,861036,NULL,NULL,1,1,'Oddo','Mauro',1,NULL,2,'1967-04-18',NULL,NULL,216,NULL,NULL,NULL),(402,840206,NULL,NULL,1,1,'Oppliger','Anne',2,1,1,'1959-10-22','696.59.822.113',NULL,216,NULL,NULL,NULL),(403,1027797,NULL,NULL,1,1,'Ortner','Maria-Anna, E. J.',2,1,1,'1956-03-19',NULL,NULL,15,NULL,NULL,NULL),(404,770760,NULL,NULL,1,1,'Osterheld-Haas','Maria-Chiara',2,NULL,2,'1959-07-28',NULL,NULL,216,NULL,NULL,NULL),(405,28502,NULL,NULL,1,1,'Ozsahin','Esat Mahmut',1,1,2,'1960-03-26','699.60.188.284',NULL,228,NULL,NULL,NULL),(406,730084,NULL,NULL,1,1,'Paccaud','Denis',1,1,2,'1953-12-27',NULL,NULL,216,NULL,NULL,NULL),(407,710603,NULL,NULL,1,1,'Paccaud','Fred Michel',1,NULL,2,'1951-11-18',NULL,NULL,216,NULL,NULL,NULL),(408,720107,NULL,NULL,1,1,'Pache','Thierry',1,1,2,'1953-07-06',NULL,NULL,216,NULL,NULL,NULL),(409,810439,NULL,NULL,1,1,'Panchard','Marc-Alain',1,1,2,'1962-01-17',NULL,NULL,216,NULL,NULL,NULL),(410,821124,NULL,NULL,1,1,'Panese','Francesco',1,NULL,2,'1963-04-03','702.63.203.311',NULL,216,NULL,NULL,NULL),(411,1105366,NULL,NULL,1,1,'Pannell','John Richard',1,NULL,2,'1966-11-30','702.66.461.000',NULL,235,NULL,NULL,NULL),(412,25224,NULL,NULL,1,1,'Pantaleo','Giuseppe',1,NULL,2,'1956-06-17',NULL,NULL,110,NULL,NULL,NULL),(413,791430,NULL,NULL,1,1,'Papaloïzos','Michaël',1,NULL,2,'1960-07-22',NULL,NULL,216,NULL,NULL,NULL),(414,760629,NULL,NULL,1,1,'Pasche','Philippe',1,NULL,1,'1957-09-15',NULL,NULL,216,NULL,NULL,NULL),(415,60848,NULL,NULL,1,1,'Pascual','Manuel A.',1,1,2,'1961-01-25',NULL,NULL,216,NULL,NULL,NULL),(416,1050934,NULL,NULL,1,1,'Paszkowski','Uta',2,1,2,'1964-06-11','703.64.673.157',NULL,83,NULL,NULL,NULL),(417,760857,NULL,NULL,1,1,'Pedrazzini','Thierry',1,1,2,'1958-03-25','705.58.187.113',NULL,216,NULL,NULL,NULL),(418,4524,NULL,NULL,1,1,'Pellerin','Luc',1,1,2,'1963-09-17','706.63.379.184',NULL,40,NULL,NULL,NULL),(419,801196,NULL,NULL,1,1,'Perdrix','Jean',1,NULL,2,'1961-05-12',NULL,NULL,216,NULL,NULL,NULL),(420,710158,NULL,NULL,1,1,'Pernet','Raymond',1,1,2,'1952-01-18',NULL,NULL,216,NULL,NULL,NULL),(421,1122302,NULL,NULL,1,1,'Perrenoud','Béatrice',2,NULL,2,'1960-05-01',NULL,NULL,216,NULL,NULL,NULL),(422,40473,NULL,NULL,1,1,'Perrier','Michel',1,NULL,2,'1947-03-25','708.47.187.113',NULL,216,NULL,NULL,NULL),(423,740197,NULL,NULL,1,1,'Perrin','Nicolas',1,1,3,'1956-04-25','708.56.225.117',NULL,216,NULL,NULL,NULL),(424,1061755,NULL,NULL,1,1,'Petrova','Tatiana',2,1,2,'1968-04-21',NULL,NULL,216,NULL,NULL,NULL),(425,1066247,NULL,NULL,1,1,'Peytremann-Bridevaux','Isabelle',2,NULL,2,'1968-12-21',NULL,NULL,216,NULL,NULL,NULL),(426,851178,NULL,NULL,1,1,'Pezzetta','Edgardo',1,NULL,2,'1966-01-04',NULL,NULL,216,NULL,NULL,NULL),(427,1022687,NULL,NULL,1,1,'Pica','Alessia',2,NULL,3,'1965-10-05',NULL,NULL,110,NULL,NULL,NULL),(428,3852,NULL,NULL,1,1,'Pierrehumbert','Blaise',1,1,2,'1948-12-27','716.48.489.115',NULL,216,NULL,NULL,NULL),(429,710543,NULL,NULL,1,1,'Pilet','François',1,1,1,'1951-06-17',NULL,NULL,216,NULL,NULL,NULL),(430,1112169,NULL,NULL,1,1,'Pitteloud','Nelly',2,NULL,2,'1964-04-11',NULL,NULL,216,NULL,NULL,NULL),(431,8228,NULL,NULL,1,1,'Poirier','Yves',1,NULL,2,'1962-12-25','720.62.487.284',NULL,40,NULL,NULL,NULL),(432,730060,NULL,NULL,1,1,'Polikar','Ralf',1,1,2,'1955-01-23','720.55.123.110',NULL,216,NULL,NULL,NULL),(433,58563,NULL,NULL,1,1,'Pollo','Claudio',1,NULL,2,'1966-02-21',NULL,NULL,216,NULL,NULL,NULL),(434,3868,NULL,NULL,1,1,'Porret','Jean-Michel',1,NULL,2,'1949-04-12','721.49.212.117',NULL,216,NULL,NULL,NULL),(435,710655,NULL,NULL,1,1,'Portmann','Luc',1,NULL,2,'1949-10-19',NULL,NULL,216,NULL,NULL,NULL),(436,28504,NULL,NULL,1,1,'Pralong','François',1,NULL,3,'1961-03-11',NULL,NULL,216,NULL,NULL,NULL),(437,791440,NULL,NULL,1,1,'Preisig','Martin',1,NULL,1,'1960-03-03','722.60.165.217',NULL,216,NULL,NULL,NULL),(438,32876,NULL,NULL,1,1,'Preissmann','Delphine',2,1,1,'1979-01-29','722.79.529.112',NULL,216,NULL,NULL,NULL),(439,55145,NULL,NULL,1,1,'Preitner','Frédéric',1,NULL,2,'1969-06-05','722.69.267.144',NULL,216,NULL,NULL,NULL),(440,710074,NULL,NULL,1,1,'Preitner','Jacques',1,1,1,'1949-12-09',NULL,NULL,216,NULL,NULL,NULL),(441,932751,NULL,NULL,1,1,'Prior','John',1,NULL,2,'1964-01-19','722.64.119.112',NULL,216,NULL,NULL,NULL),(442,770524,NULL,NULL,1,1,'Prod\'Hom','Guy',1,1,2,'1958-08-03',NULL,NULL,216,NULL,NULL,NULL),(443,830840,NULL,NULL,1,1,'Pruvot','Etienne',1,NULL,2,'1965-04-17','722.65.217.215',NULL,216,NULL,NULL,NULL),(444,1065481,NULL,NULL,1,1,'Puder','Jardena',2,1,2,'1969-03-28',NULL,NULL,216,NULL,NULL,NULL),(445,70432,NULL,NULL,1,1,'Puyal','Julien Pierre',1,1,2,'1976-01-01','723.76.101.151',NULL,76,NULL,NULL,NULL),(446,64007,NULL,NULL,1,1,'Qanadli','Salah Dine',1,NULL,2,'1964-05-08',NULL,NULL,76,NULL,NULL,NULL),(447,1073081,NULL,NULL,1,1,'Quadri','Lucia Lupa Erina',2,1,1,'1960-09-28',NULL,NULL,216,NULL,NULL,NULL),(448,45503,NULL,NULL,1,1,'Quadroni','Manfredo Riccardo',1,1,2,'1967-09-04','724.67.366.115',NULL,216,NULL,NULL,NULL),(449,901828,NULL,NULL,1,1,'Que','Yok-Ai',1,1,2,'1971-08-21',NULL,NULL,216,NULL,NULL,NULL),(450,710307,NULL,NULL,1,1,'Raddatz','Eric',1,1,2,'1948-03-29','725.48.191.158',NULL,76,NULL,NULL,NULL),(451,851374,NULL,NULL,1,1,'Raffoul','Wassim',1,NULL,2,'1959-02-03',NULL,NULL,216,NULL,NULL,NULL),(452,1102215,NULL,NULL,1,1,'Ramelet','Anne-Sylvie',2,NULL,2,'1969-01-23',NULL,NULL,216,NULL,NULL,NULL),(453,24817,NULL,NULL,1,1,'Randin','Christophe',1,NULL,1,'1977-11-17','727.77.448.111',NULL,216,NULL,NULL,NULL),(454,1119793,NULL,NULL,1,1,'Rasmann','Sergio',1,NULL,2,'1975-07-28','728.75.328.000',NULL,216,NULL,NULL,NULL),(455,3878,NULL,NULL,1,1,'Ravussin','Patrick',1,NULL,2,'1950-05-19','729.50.250.144',NULL,216,NULL,NULL,NULL),(456,790997,NULL,NULL,1,1,'Regazzi','Romano',1,1,2,'1960-05-24','731.60.255.215',NULL,216,NULL,NULL,NULL),(457,6493,NULL,NULL,1,1,'Reimmann','Cornelia',2,1,1,'1959-07-10','732.59.710.119',NULL,216,NULL,NULL,NULL),(458,710086,NULL,NULL,1,1,'Reinberg','Olivier',1,1,2,'1949-04-25','733.49.225.244',NULL,216,NULL,NULL,NULL),(459,770923,NULL,NULL,1,1,'Renteria','Saira-Christine',2,NULL,1,'1956-02-24',NULL,NULL,216,NULL,NULL,NULL),(460,33215,NULL,NULL,1,1,'Resch','Grégory',1,NULL,2,'1972-11-10','737.72.441.255',NULL,76,NULL,NULL,NULL),(461,760587,NULL,NULL,1,1,'Revelly','Jean-Pierre',1,NULL,2,'1958-04-27',NULL,NULL,216,NULL,NULL,NULL),(462,840615,NULL,NULL,1,1,'Reymond','Alexandre',1,1,2,'1964-09-29','738.64.391.114',NULL,216,NULL,NULL,NULL),(463,791527,NULL,NULL,1,1,'Reymond','Philippe',1,1,2,'1961-08-14','738.61.345.111',NULL,216,NULL,NULL,NULL),(464,1047616,NULL,NULL,1,1,'Rickenbach','Martin',1,NULL,1,'1950-01-02','741.50.102.999',NULL,216,NULL,NULL,NULL),(465,780642,NULL,NULL,1,1,'Rieder','Philippe',1,1,2,'1960-04-11',NULL,NULL,216,NULL,NULL,NULL),(466,3903,NULL,NULL,1,1,'Riederer','Beat',1,NULL,2,'1954-02-12','743.54.143.112',NULL,216,NULL,NULL,NULL),(467,1053558,NULL,NULL,1,1,'Riediker','Michael',1,1,1,'1969-10-05',NULL,NULL,216,NULL,NULL,NULL),(468,38356,NULL,NULL,1,1,'Ris','Hans-Beat Friedrich',1,1,2,'1954-08-24',NULL,NULL,216,NULL,NULL,NULL),(469,22358,NULL,NULL,1,1,'Rivolta','Carlo',1,1,2,'1970-09-02','749.70.364.157',NULL,110,NULL,NULL,NULL),(470,1039948,NULL,NULL,1,1,'Robinson-Rechavi','Marc',1,1,2,'1970-11-21','750.70.452.154',NULL,76,NULL,NULL,NULL),(471,900463,NULL,NULL,1,1,'Rodondi','Nicolas',1,NULL,2,'1971-11-25','752.71.456.115',NULL,216,NULL,NULL,NULL),(472,912132,NULL,NULL,1,1,'Rodondi','Pierre-Yves',1,NULL,1,'1973-06-26',NULL,NULL,216,NULL,NULL,NULL),(473,62418,NULL,NULL,1,1,'Roger','Thierry',1,NULL,1,'1964-12-31',NULL,NULL,76,NULL,NULL,NULL),(474,901176,NULL,NULL,1,1,'Romagnoli','Simone',1,1,2,'1970-11-30','756.70.461.114',NULL,216,NULL,NULL,NULL),(475,12125,NULL,NULL,1,1,'Romero','Pedro',1,1,2,'1956-07-30','756.56.330.414',NULL,216,NULL,NULL,NULL),(476,1035224,NULL,NULL,1,1,'Ronet','Catherine',2,1,1,'1973-10-13','756.73.813.259',NULL,76,NULL,NULL,NULL),(477,1056661,NULL,NULL,1,1,'Rosenblatt-Velin','Nathalie',2,NULL,2,'1968-06-17',NULL,NULL,76,NULL,NULL,NULL),(478,720146,NULL,NULL,1,1,'Rosset','Pierre',1,1,1,'1954-02-02',NULL,NULL,216,NULL,NULL,NULL),(479,17644,NULL,NULL,1,1,'Rossetti','Andrea',1,NULL,1,'1971-04-28',NULL,NULL,216,NULL,NULL,NULL),(480,821218,NULL,NULL,1,1,'Roth-Kleiner','Matthias',1,NULL,2,'1965-01-25',NULL,NULL,216,NULL,NULL,NULL),(481,740304,NULL,NULL,1,1,'Roulet Perez','Eliane',2,1,2,'1956-04-23',NULL,NULL,216,NULL,NULL,NULL),(482,1026557,NULL,NULL,1,1,'Roulin','Alexandre',1,NULL,2,'1968-03-14','764.68.176.110',NULL,216,NULL,NULL,NULL),(483,1061613,NULL,NULL,1,1,'Rousson','Valentin Cédric Michel',1,NULL,2,'1967-11-10',NULL,NULL,216,NULL,NULL,NULL),(484,760186,NULL,NULL,1,1,'Ruchat','Patrick',1,1,2,'1958-06-19',NULL,NULL,216,NULL,NULL,NULL),(485,12028,NULL,NULL,1,1,'Ruegg','Curzio',1,1,2,'1958-02-11',NULL,NULL,216,NULL,NULL,NULL),(486,53215,NULL,NULL,1,1,'Rufer','Nathalie',2,1,6,'1967-09-22',NULL,NULL,216,NULL,NULL,NULL),(487,21663,NULL,NULL,1,1,'Ruiz','Juan',1,NULL,2,'1960-02-23',NULL,NULL,216,NULL,NULL,NULL),(488,1105144,NULL,NULL,1,1,'Saenz','Melissa',2,NULL,2,'1975-10-08',NULL,NULL,236,NULL,NULL,NULL),(489,3945,NULL,NULL,1,1,'Salem','Gérard',1,1,2,'1946-08-22','776.46.353.257',NULL,216,NULL,NULL,NULL),(490,48137,NULL,NULL,1,1,'Sanders','Ian',1,1,2,'1964-05-02','777.64.233.452',NULL,235,NULL,NULL,NULL),(491,12875,NULL,NULL,1,1,'Sanglard','Dominique',1,1,2,'1956-11-30','777.56.461.144',NULL,216,NULL,NULL,NULL),(492,9561,NULL,NULL,1,1,'Santos-Eggimann','Brigitte',2,1,2,'1956-12-09','777.56.871.318',NULL,216,NULL,NULL,NULL),(493,841052,NULL,NULL,1,1,'Sartori','Claudio',1,NULL,2,'1965-06-15',NULL,NULL,216,NULL,NULL,NULL),(494,730234,NULL,NULL,1,1,'Saugy','Martial',1,1,2,'1954-12-28',NULL,NULL,216,NULL,NULL,NULL),(495,790658,NULL,NULL,1,1,'Sauty','Alain',1,NULL,2,'1958-07-31','778.58.331.113',NULL,216,NULL,NULL,NULL),(496,17219,NULL,NULL,1,1,'Schalenbourg','Ann Maria',2,NULL,2,'1965-08-15',NULL,NULL,22,NULL,NULL,NULL),(497,710197,NULL,NULL,1,1,'Schaller','Marie-Denise',2,1,1,'1950-02-11','803.50.542.144',NULL,216,NULL,NULL,NULL),(498,730259,NULL,NULL,1,1,'Schild','Laurent',1,1,2,'1953-06-10','816.53.272.219',NULL,216,NULL,NULL,NULL),(499,850281,NULL,NULL,1,1,'Schizas','Constantin',1,NULL,2,'1961-10-27',NULL,NULL,216,NULL,NULL,NULL),(500,730231,NULL,NULL,1,1,'Schlaepfer','Jürg',1,1,2,'1955-08-21',NULL,NULL,216,NULL,NULL,NULL),(501,17148,NULL,NULL,1,1,'Schluep','Myriam',2,1,1,'1956-12-18','819.56.880.114',NULL,216,NULL,NULL,NULL),(502,1046343,NULL,NULL,1,1,'Schmidt','Sabine',2,1,1,'1967-09-08',NULL,NULL,83,NULL,NULL,NULL),(503,710173,NULL,NULL,1,1,'Schmied','Pierre-Alain',1,1,1,'1948-02-13',NULL,NULL,216,NULL,NULL,NULL),(504,840244,NULL,NULL,1,1,'Schneider','Pascal',1,1,2,'1964-03-29','826.64.191.144',NULL,216,NULL,NULL,NULL),(505,8227,NULL,NULL,1,1,'Schneider','Rémi Pascal',1,NULL,2,'1953-09-12','826.53.374.115',NULL,216,NULL,NULL,NULL),(506,770863,NULL,NULL,1,1,'Schneiter','Philippe',1,NULL,1,'1958-09-21','826.58.383.244',NULL,216,NULL,NULL,NULL),(507,51377,NULL,NULL,1,1,'Schnyder-Beaumont','Corinne Claude',2,NULL,2,'1951-07-11',NULL,NULL,216,NULL,NULL,NULL),(508,1125896,NULL,NULL,1,1,'Schoepfer','Alain',1,1,1,'1970-09-12',NULL,NULL,216,NULL,NULL,NULL),(509,861063,NULL,NULL,1,1,'Schoettker','Patrick',1,1,2,'1967-09-29',NULL,NULL,216,NULL,NULL,NULL),(510,4428,NULL,NULL,1,1,'Schorderet','Daniel',1,NULL,2,'1954-02-17',NULL,NULL,216,NULL,NULL,NULL),(511,1102240,NULL,NULL,1,1,'Schoumans Pouw','Jacqueline',2,NULL,2,'1963-08-24',NULL,NULL,83,NULL,NULL,NULL),(512,3985,NULL,NULL,1,1,'Schutz','Yves',1,NULL,3,'1946-09-13','839.46.375.112',NULL,216,NULL,NULL,NULL),(513,1043658,NULL,NULL,1,1,'Schütz','Frédéric',1,1,2,'1975-03-16','839.75.178.113',NULL,216,NULL,NULL,NULL),(514,1048685,NULL,NULL,1,1,'Schwab','Marcos',1,NULL,2,'1974-03-24',NULL,NULL,216,NULL,NULL,NULL),(515,790759,NULL,NULL,1,1,'Schweizer','Valérie',2,NULL,1,'1961-02-10','847.61.541.217',NULL,216,NULL,NULL,NULL),(516,1077266,NULL,NULL,1,1,'Schwitter','Juerg',1,1,2,'1961-05-18',NULL,NULL,216,NULL,NULL,NULL),(517,18748,NULL,NULL,1,1,'Sekarski-Hunkeler','Nicole',2,1,2,'1959-12-28',NULL,NULL,216,NULL,NULL,NULL),(518,9981,NULL,NULL,1,1,'Senn','Alfred',1,NULL,1,'1948-11-01','783.48.432.116',NULL,216,NULL,NULL,NULL),(519,911602,NULL,NULL,1,1,'Seravalli','Laurent',1,1,1,'1972-06-01',NULL,NULL,216,NULL,NULL,NULL),(520,1114120,NULL,NULL,1,1,'Shaha','Maya',2,1,1,'1969-10-11',NULL,NULL,216,NULL,NULL,NULL),(521,6207,NULL,NULL,1,1,'Shaw','Phillip',1,1,2,'1948-11-27','785.48.458.152',NULL,236,NULL,NULL,NULL),(522,880556,NULL,NULL,1,1,'Sierro','Christophe',1,1,2,'1968-11-27',NULL,NULL,216,NULL,NULL,NULL),(523,1125684,NULL,NULL,1,1,'Simon','Christian-Heinrich',1,NULL,2,'1969-07-14',NULL,NULL,83,NULL,NULL,NULL),(524,1017872,NULL,NULL,1,1,'Simon','Olivier',1,NULL,2,'1966-12-06',NULL,NULL,216,NULL,NULL,NULL),(525,760158,NULL,NULL,1,1,'Singy','Pascal',1,1,1,'1957-06-01','789.57.263.118',NULL,216,NULL,NULL,NULL),(526,6366,NULL,NULL,1,1,'So','Alexander Kai-Lik',1,NULL,2,'1952-08-24',NULL,NULL,235,NULL,NULL,NULL),(527,1117151,NULL,NULL,1,1,'Speiser','Daniel',1,NULL,2,'1955-02-27','793.55.158.000',NULL,216,NULL,NULL,NULL),(528,32313,NULL,NULL,1,1,'Spencer','Brenda',2,1,1,'1952-04-11','793.52.611.153',NULL,235,NULL,NULL,NULL),(529,730385,NULL,NULL,1,1,'Spertini','François',1,1,2,'1955-01-18',NULL,NULL,216,NULL,NULL,NULL),(530,750241,NULL,NULL,1,1,'Spertini','Olivier',1,1,2,'1957-05-05','793.57.236.113',NULL,216,NULL,NULL,NULL),(531,1062025,NULL,NULL,1,1,'Spinosa','Jean-Pierre',1,1,3,'1961-01-12',NULL,NULL,216,NULL,NULL,NULL),(532,1014972,NULL,NULL,1,1,'Spitz','Richard',1,1,2,'1950-06-27',NULL,NULL,216,NULL,NULL,NULL),(533,32421,NULL,NULL,1,1,'Stamenkovic','Ivan',1,1,2,'1955-03-16',NULL,NULL,216,NULL,NULL,NULL),(534,4013,NULL,NULL,1,1,'Stasiak','Andrzej',1,1,2,'1953-04-15','853.53.215.251',NULL,177,NULL,NULL,NULL),(535,810008,NULL,NULL,1,1,'Staub','Olivier',1,1,2,'1961-07-29','854.61.329.115',NULL,216,NULL,NULL,NULL),(536,740327,NULL,NULL,1,1,'Stauffer','Jean-Christophe',1,NULL,1,'1955-04-07',NULL,NULL,216,NULL,NULL,NULL),(537,1101701,NULL,NULL,1,1,'Steiner','Luzius',1,1,2,'1966-01-25',NULL,NULL,216,NULL,NULL,NULL),(538,1000949,NULL,NULL,1,1,'Stephan','Philippe',1,NULL,3,'1966-03-08',NULL,NULL,76,NULL,NULL,NULL),(539,28412,NULL,NULL,1,1,'Stiefel','Friedrich',1,1,2,'1959-03-10','860.59.172.117',NULL,216,NULL,NULL,NULL),(540,850558,NULL,NULL,1,1,'Stigler','Michaël',1,NULL,2,'1949-06-28',NULL,NULL,15,NULL,NULL,NULL),(541,34995,NULL,NULL,1,1,'Stoop','Ronaldus',1,NULL,2,'1963-09-12','864.63.374.351',NULL,157,NULL,NULL,NULL),(542,1082049,NULL,NULL,1,1,'Stuber','Matthias',1,NULL,2,'1965-01-18',NULL,NULL,216,NULL,NULL,NULL),(543,1114569,NULL,NULL,1,1,'Stuckelberger','Astrid',2,1,2,'1959-04-16',NULL,NULL,216,NULL,NULL,NULL),(544,28704,NULL,NULL,1,1,'Stupp','Roger',1,1,1,'1959-09-17',NULL,NULL,216,NULL,NULL,NULL),(545,59110,NULL,NULL,1,1,'Superti-Furga','Andrea',1,1,2,'1959-07-15',NULL,NULL,216,NULL,NULL,NULL),(546,1063924,NULL,NULL,1,1,'Suris','Joan-Carles',1,NULL,2,'1957-12-31',NULL,NULL,209,NULL,NULL,NULL),(547,770022,NULL,NULL,1,1,'Suter','Michel',1,1,1,'1958-04-06',NULL,NULL,216,NULL,NULL,NULL),(548,28669,NULL,NULL,1,1,'Tacchini-Cottier','Fabienne',2,NULL,2,'1959-12-11','875.59.873.215',NULL,216,NULL,NULL,NULL),(549,35056,NULL,NULL,1,1,'Taffé','Patrick',1,NULL,2,'1964-09-13',NULL,NULL,216,NULL,NULL,NULL),(550,71176,NULL,NULL,1,1,'Tafti','Mehdi',1,NULL,2,'1958-08-27','875.58.358.155',NULL,76,NULL,NULL,NULL),(551,800650,NULL,NULL,1,1,'Tagan','Damien',1,NULL,2,'1960-02-03',NULL,NULL,216,NULL,NULL,NULL),(552,26460,NULL,NULL,1,1,'Tamches','Emmanuel',1,NULL,1,'1971-12-07',NULL,NULL,216,NULL,NULL,NULL),(553,750246,NULL,NULL,1,1,'Tappy','Luc',1,NULL,2,'1957-02-28','877.57.159.218',NULL,216,NULL,NULL,NULL),(554,40493,NULL,NULL,1,1,'Telenti','Amalio',1,NULL,2,'1959-10-11','878.59.411.256',NULL,209,NULL,NULL,NULL),(555,800159,NULL,NULL,1,1,'Teta','Daniel',1,NULL,2,'1962-08-28','879.62.359.319',NULL,216,NULL,NULL,NULL),(556,70481,NULL,NULL,1,1,'Thiran','Jean-Philippe',1,NULL,2,'1970-08-24',NULL,NULL,22,NULL,NULL,NULL),(557,23438,NULL,NULL,1,1,'Thome Miazza','Margot',2,NULL,2,'1965-10-09','882.65.809.256',NULL,83,NULL,NULL,NULL),(558,4994,NULL,NULL,1,1,'Thorens','Bernard',1,NULL,2,'1955-05-26','883.55.257.112',NULL,216,NULL,NULL,NULL),(559,740260,NULL,NULL,1,1,'Tissot','Jean-Daniel',1,NULL,2,'1955-12-12','886.55.474.115',NULL,216,NULL,NULL,NULL),(560,780499,NULL,NULL,1,1,'Tolsa','Jean-François',1,NULL,2,'1959-08-11',NULL,NULL,216,NULL,NULL,NULL),(561,1104440,NULL,NULL,1,1,'Toni','Nicolas',1,NULL,5,'1970-11-22','888.70.453.000',NULL,216,NULL,NULL,NULL),(562,1058650,NULL,NULL,1,1,'Toniolo','Paolo',1,NULL,2,'1949-05-18',NULL,NULL,110,NULL,NULL,NULL),(563,1014584,NULL,NULL,1,1,'Tozzi','Piergiorgio',1,NULL,2,'1965-07-12',NULL,NULL,110,NULL,NULL,NULL),(564,780064,NULL,NULL,1,1,'Trisconi','Yves',1,NULL,1,'1954-05-07',NULL,NULL,216,NULL,NULL,NULL),(565,760405,NULL,NULL,1,1,'Troillet','Nicolas',1,NULL,2,'1956-01-01',NULL,NULL,216,NULL,NULL,NULL),(566,1047223,NULL,NULL,1,1,'Truttmann','Anita Carmen',2,NULL,1,'1966-06-07',NULL,NULL,216,NULL,NULL,NULL),(567,4268,NULL,NULL,1,1,'Tschudi-Monnet','Florianne',2,NULL,2,'1953-03-10','898.53.572.218',NULL,216,NULL,NULL,NULL),(568,1125106,NULL,NULL,1,1,'Unger','Sheila',2,NULL,2,'1969-09-17',NULL,NULL,40,NULL,NULL,NULL),(569,710494,NULL,NULL,1,1,'Uske','Antoine',1,NULL,2,'1947-04-05','904.47.205.113',NULL,216,NULL,NULL,NULL),(570,720017,NULL,NULL,1,1,'Vader','John-Paul',1,NULL,2,'1950-01-29','905.50.129.212',NULL,216,NULL,NULL,NULL),(571,66422,NULL,NULL,1,1,'Van Der Meer','Jan Roelof',1,NULL,2,'1961-05-25','907.61.256.253',NULL,157,NULL,NULL,NULL),(572,27947,NULL,NULL,1,1,'Van Linthoudt','Daniel',1,NULL,2,'1951-02-17','907.51.148.258',NULL,22,NULL,NULL,NULL),(573,34122,NULL,NULL,1,1,'Vassalli','Giuseppe',1,NULL,2,'1959-05-23','908.59.254.119',NULL,216,NULL,NULL,NULL),(574,62449,NULL,NULL,1,1,'Vaudaux','Bernard',1,NULL,2,'1946-03-23',NULL,NULL,216,NULL,NULL,NULL),(575,26642,NULL,NULL,1,1,'Velin','Dominique',1,NULL,2,'1967-09-04','910.67.366.552',NULL,76,NULL,NULL,NULL),(576,13861,NULL,NULL,1,1,'Verdun','Francis',1,NULL,1,'1959-06-09',NULL,NULL,216,NULL,NULL,NULL),(577,760359,NULL,NULL,1,1,'Vernet','Olivier',1,NULL,2,'1958-10-30',NULL,NULL,216,NULL,NULL,NULL),(578,1034587,NULL,NULL,1,1,'Vernez','David',1,NULL,2,'1969-01-17','910.69.117.118',NULL,216,NULL,NULL,NULL),(579,760769,NULL,NULL,1,1,'Vial','Yvan',1,NULL,2,'1958-01-17',NULL,NULL,216,NULL,NULL,NULL),(580,760768,NULL,NULL,1,1,'Vingerhoets','François',1,NULL,2,'1958-06-29',NULL,NULL,216,NULL,NULL,NULL),(581,871021,NULL,NULL,1,1,'Vittoz','Pascal',1,NULL,2,'1968-11-14','914.68.445.110',NULL,216,NULL,NULL,NULL),(582,1048390,NULL,NULL,1,1,'Vogt','Bruno',1,NULL,2,'1961-08-13',NULL,NULL,216,NULL,NULL,NULL),(583,720030,NULL,NULL,1,1,'Vogt','Pierre',1,NULL,2,'1951-11-18','917.51.449.114',NULL,216,NULL,NULL,NULL),(584,830818,NULL,NULL,1,1,'Vollenweider','Peter',1,NULL,1,'1966-06-04',NULL,NULL,216,NULL,NULL,NULL),(585,49184,NULL,NULL,1,1,'Volterra','Andrea',1,NULL,3,'1957-07-04','919.57.304.252',NULL,110,NULL,NULL,NULL),(586,780030,NULL,NULL,1,1,'Von Der Weid','Nicolas',1,NULL,1,'1960-11-14',NULL,NULL,216,NULL,NULL,NULL),(587,800030,NULL,NULL,1,1,'Von Gunten','Armin',1,NULL,2,'1961-09-23',NULL,NULL,216,NULL,NULL,NULL),(588,21896,NULL,NULL,1,1,'Von Segesser','Ludwig Karl',1,NULL,2,'1952-03-15',NULL,NULL,216,NULL,NULL,NULL),(589,780607,NULL,NULL,1,1,'Vuilleumier','Henri',1,NULL,2,'1958-12-06',NULL,NULL,216,NULL,NULL,NULL),(590,1053811,NULL,NULL,1,1,'Vuilleumier Varisco','Séverine',2,NULL,2,'1973-12-29','924.73.891.214',NULL,216,NULL,NULL,NULL),(591,450042,NULL,NULL,1,1,'Waeber','Bernard',1,NULL,2,'1948-12-07',NULL,NULL,216,NULL,NULL,NULL),(592,780679,NULL,NULL,1,1,'Waeber','Gérard',1,NULL,2,'1958-11-04','928.58.435.110',NULL,216,NULL,NULL,NULL),(593,4089,NULL,NULL,1,1,'Walter-Barakat','Ibtissam',2,NULL,2,'1947-05-08','932.47.639.215',NULL,216,NULL,NULL,NULL),(594,851175,NULL,NULL,1,1,'Waridel','François',1,NULL,2,'1963-12-09',NULL,NULL,216,NULL,NULL,NULL),(595,26099,NULL,NULL,1,1,'Weber','Johann',1,NULL,3,'1963-07-20','937.63.320.551',NULL,83,NULL,NULL,NULL),(596,1033470,NULL,NULL,1,1,'Wedekind','Claus',1,NULL,3,'1966-07-04','938.66.304.244',NULL,216,NULL,NULL,NULL),(597,4103,NULL,NULL,1,1,'Welker','Egbert',1,NULL,4,'1957-06-12','944.57.274.151',NULL,216,NULL,NULL,NULL),(598,922306,NULL,NULL,1,1,'Wider','Christian',1,NULL,1,'1973-04-19',NULL,NULL,216,NULL,NULL,NULL),(599,811423,NULL,NULL,1,1,'Widmann','Christian',1,NULL,2,'1963-03-01','951.63.163.110',NULL,216,NULL,NULL,NULL),(600,13883,NULL,NULL,1,1,'Widmer','Daniel',1,NULL,2,'1952-09-06',NULL,NULL,216,NULL,NULL,NULL),(601,901254,NULL,NULL,1,1,'Wilson','Anne',2,NULL,4,'1956-03-07','956.56.569.000',NULL,216,NULL,NULL,NULL),(602,750047,NULL,NULL,1,1,'Wisard','Marc',1,NULL,2,'1953-05-14',NULL,NULL,216,NULL,NULL,NULL),(603,22459,NULL,NULL,1,1,'Wolfensberger','Thomas Jona',1,NULL,1,'1963-08-29',NULL,NULL,216,NULL,NULL,NULL),(604,1073901,NULL,NULL,1,1,'Wunder','Dorothea',2,NULL,2,'1967-06-06',NULL,NULL,216,NULL,NULL,NULL),(605,890956,NULL,NULL,1,1,'Xenarios','Ioannis',1,NULL,1,'1968-09-02','975.68.364.310',NULL,216,NULL,NULL,NULL),(606,710295,NULL,NULL,1,1,'Yersin','Bertrand',1,NULL,2,'1952-12-13','975.52.475.112',NULL,216,NULL,NULL,NULL),(607,801293,NULL,NULL,1,1,'Zambelli','Pierre-Yves',1,NULL,2,'1962-04-06',NULL,NULL,216,NULL,NULL,NULL),(608,810587,NULL,NULL,1,1,'Zanchi Delacrétaz','Anne',2,NULL,2,'1962-06-19','977.62.681.211',NULL,216,NULL,NULL,NULL),(609,810460,NULL,NULL,1,1,'Zanetti','Giorgio',1,NULL,2,'1962-05-17',NULL,NULL,216,NULL,NULL,NULL),(610,1116573,NULL,NULL,1,1,'Zehn','Dietmar',1,NULL,1,'1976-06-23',NULL,NULL,83,NULL,NULL,NULL),(611,1043095,NULL,NULL,1,1,'Zemmouri','Abdelaziz',1,NULL,1,'1961-08-17',NULL,NULL,216,NULL,NULL,NULL),(612,780211,NULL,NULL,1,1,'Zografos','Leonidas',1,NULL,2,'1947-09-10',NULL,NULL,216,NULL,NULL,NULL),(613,891675,NULL,NULL,1,1,'Zouhair','Abderrahim',1,NULL,1,'1964-12-08',NULL,NULL,151,NULL,NULL,NULL),(614,871252,NULL,NULL,1,1,'Zuber','Jean-Philippe',1,NULL,2,'1967-09-18',NULL,NULL,216,NULL,NULL,NULL),(615,750193,NULL,NULL,1,1,'Zufferey','Pascal',1,NULL,2,'1955-04-09',NULL,NULL,216,NULL,NULL,NULL),(616,860302,NULL,NULL,1,1,'Zurich Fontanellaz','Marie-Gabrielle',2,NULL,2,'1962-04-11','995.62.611.319',NULL,216,NULL,NULL,NULL);
/*!40000 ALTER TABLE `personnes` ENABLE KEYS */;
UNLOCK TABLES;

--
-- Table structure for table `personnes_adresses`
--

DROP TABLE IF EXISTS `personnes_adresses`;
/*!40101 SET @saved_cs_client     = @@character_set_client */;
/*!40101 SET character_set_client = utf8 */;
CREATE TABLE `personnes_adresses` (
  `id` int(11) NOT NULL AUTO_INCREMENT,
  `actif` tinyint(1) NOT NULL DEFAULT '1',
  `personne_id` int(11) DEFAULT NULL,
  `adresse_id` int(11) DEFAULT NULL,
  `defaut` tinyint(1) DEFAULT '0',
  PRIMARY KEY (`id`),
  KEY `personne_id` (`personne_id`),
  KEY `adresse_id` (`adresse_id`),
  CONSTRAINT `personnes_adresses_ibfk_1` FOREIGN KEY (`personne_id`) REFERENCES `personnes` (`id`),
  CONSTRAINT `personnes_adresses_ibfk_2` FOREIGN KEY (`adresse_id`) REFERENCES `adresses` (`id`)
) ENGINE=InnoDB AUTO_INCREMENT=549 DEFAULT CHARSET=utf8 COLLATE=utf8_unicode_ci;
/*!40101 SET character_set_client = @saved_cs_client */;

--
-- Dumping data for table `personnes_adresses`
--

LOCK TABLES `personnes_adresses` WRITE;
/*!40000 ALTER TABLE `personnes_adresses` DISABLE KEYS */;
INSERT INTO `personnes_adresses` VALUES (1,1,1,1,0),(2,1,2,2,0),(3,1,3,3,0),(4,1,5,4,0),(5,1,6,5,0),(6,1,7,6,0),(7,1,11,7,0),(8,1,12,8,0),(9,1,13,9,0),(10,1,14,10,0),(11,1,15,11,0),(12,1,16,12,0),(13,1,18,13,0),(14,1,19,14,0),(15,1,21,15,0),(16,1,22,16,0),(17,1,23,17,0),(18,1,24,18,0),(19,1,25,19,0),(20,1,26,20,0),(21,1,27,21,0),(22,1,28,22,0),(23,1,29,23,0),(24,1,30,24,0),(25,1,31,25,0),(26,1,32,26,0),(27,1,33,27,0),(28,1,36,28,0),(29,1,38,29,0),(30,1,39,30,0),(31,1,41,31,0),(32,1,42,32,0),(33,1,44,33,0),(34,1,45,34,0),(35,1,46,35,0),(36,1,47,36,0),(37,1,49,37,0),(38,1,50,38,0),(39,1,52,39,0),(40,1,51,40,0),(41,1,53,41,0),(42,1,54,42,0),(43,1,56,43,0),(44,1,58,44,0),(45,1,59,45,0),(46,1,60,46,0),(47,1,61,47,0),(48,1,63,48,0),(49,1,64,49,0),(50,1,65,50,0),(51,1,66,51,0),(52,1,67,52,0),(53,1,68,53,0),(54,1,69,54,0),(55,1,70,55,0),(56,1,71,56,0),(57,1,72,57,0),(58,1,73,58,0),(59,1,75,59,0),(60,1,76,60,0),(61,1,77,61,0),(62,1,78,62,0),(63,1,79,63,0),(64,1,80,64,0),(65,1,82,65,0),(66,1,83,66,0),(67,1,84,67,0),(68,1,85,68,0),(69,1,86,69,0),(70,1,88,70,0),(71,1,90,71,0),(72,1,91,72,0),(73,1,92,73,0),(74,1,93,74,0),(75,1,94,75,0),(76,1,97,76,0),(77,1,98,77,0),(78,1,99,78,0),(79,1,100,79,0),(80,1,104,80,0),(81,1,105,81,0),(82,1,106,82,0),(83,1,108,83,0),(84,1,110,84,0),(85,1,109,85,0),(86,1,111,86,0),(87,1,112,87,0),(88,1,113,88,0),(89,1,117,89,0),(90,1,118,90,0),(91,1,119,91,0),(92,1,120,92,0),(93,1,122,93,0),(94,1,124,94,0),(95,1,125,95,0),(96,1,123,96,0),(97,1,126,97,0),(98,1,127,98,0),(99,1,128,99,0),(100,1,129,100,0),(101,1,130,101,0),(102,1,131,102,0),(103,1,132,103,0),(104,1,133,104,0),(105,1,134,105,0),(106,1,135,106,0),(107,1,137,107,0),(108,1,138,108,0),(109,1,139,109,0),(110,1,140,110,0),(111,1,141,111,0),(112,1,142,112,0),(113,1,143,113,0),(114,1,145,114,0),(115,1,147,115,0),(116,1,148,116,0),(117,1,150,117,0),(118,1,152,118,0),(119,1,153,119,0),(120,1,154,120,0),(121,1,155,121,0),(122,1,157,122,0),(123,1,158,123,0),(124,1,159,124,0),(125,1,161,125,0),(126,1,162,126,0),(127,1,163,127,0),(128,1,164,128,0),(129,1,165,129,0),(130,1,166,130,0),(131,1,167,131,0),(132,1,168,132,0),(133,1,169,133,0),(134,1,170,134,0),(135,1,172,135,0),(136,1,173,136,0),(137,1,174,137,0),(138,1,177,138,0),(139,1,180,139,0),(140,1,181,140,0),(141,1,183,141,0),(142,1,185,142,0),(143,1,186,143,0),(144,1,188,144,0),(145,1,189,145,0),(146,1,191,146,0),(147,1,192,147,0),(148,1,194,148,0),(149,1,195,149,0),(150,1,196,150,0),(151,1,198,151,0),(152,1,199,152,0),(153,1,201,153,0),(154,1,202,154,0),(155,1,204,155,0),(156,1,205,156,0),(157,1,208,157,0),(158,1,209,158,0),(159,1,210,159,0),(160,1,211,160,0),(161,1,212,161,0),(162,1,214,162,0),(163,1,215,163,0),(164,1,217,164,0),(165,1,219,165,0),(166,1,224,166,0),(167,1,225,167,0),(168,1,226,168,0),(169,1,227,169,0),(170,1,228,170,0),(171,1,229,171,0),(172,1,230,172,0),(173,1,232,173,0),(174,1,233,174,0),(175,1,234,175,0),(176,1,236,176,0),(177,1,237,177,0),(178,1,238,178,0),(179,1,239,179,0),(180,1,241,180,0),(181,1,240,181,0),(182,1,242,182,0),(183,1,243,183,0),(184,1,244,184,0),(185,1,245,185,0),(186,1,246,186,0),(187,1,249,187,0),(188,1,250,188,0),(189,1,251,189,0),(190,1,252,190,0),(191,1,258,191,0),(192,1,259,192,0),(193,1,261,193,0),(194,1,262,194,0),(195,1,263,195,0),(196,1,264,196,0),(197,1,265,197,0),(198,1,268,198,0),(199,1,269,199,0),(200,1,271,200,0),(201,1,275,201,0),(202,1,276,202,0),(203,1,277,203,0),(204,1,279,204,0),(205,1,280,205,0),(206,1,282,206,0),(207,1,283,207,0),(208,1,284,208,0),(209,1,289,209,0),(210,1,294,210,0),(211,1,296,211,0),(212,1,297,212,0),(213,1,298,213,0),(214,1,299,214,0),(215,1,301,215,0),(216,1,302,216,0),(217,1,303,217,0),(218,1,304,218,0),(219,1,306,219,0),(220,1,307,220,0),(221,1,308,221,0),(222,1,310,222,0),(223,1,313,223,0),(224,1,316,224,0),(225,1,317,225,0),(226,1,318,226,0),(227,1,319,227,0),(228,1,320,228,0),(229,1,323,229,0),(230,1,322,230,0),(231,1,324,231,0),(232,1,325,232,0),(233,1,327,233,0),(234,1,328,234,0),(235,1,330,235,0),(236,1,331,236,0),(237,1,332,237,0),(238,1,333,238,0),(239,1,334,239,0),(240,1,337,240,0),(241,1,339,241,0),(242,1,341,242,0),(243,1,342,243,0),(244,1,344,244,0),(245,1,345,245,0),(246,1,346,246,0),(247,1,349,247,0),(248,1,350,248,0),(249,1,351,249,0),(250,1,353,250,0),(251,1,355,251,0),(252,1,356,252,0),(253,1,359,253,0),(254,1,360,254,0),(255,1,361,255,0),(256,1,364,256,0),(257,1,365,257,0),(258,1,366,258,0),(259,1,367,259,0),(260,1,368,260,0),(261,1,369,261,0),(262,1,370,262,0),(263,1,373,263,0),(264,1,375,264,0),(265,1,377,265,0),(266,1,378,266,0),(267,1,379,267,0),(268,1,380,268,0),(269,1,382,269,0),(270,1,383,270,0),(271,1,384,271,0),(272,1,385,272,0),(273,1,386,273,0),(274,1,388,274,0),(275,1,390,275,0),(276,1,392,276,0),(277,1,393,277,0),(278,1,394,278,0),(279,1,395,279,0),(280,1,398,280,0),(281,1,399,281,0),(282,1,400,282,0),(283,1,401,283,0),(284,1,406,284,0),(285,1,408,285,0),(286,1,409,286,0),(287,1,410,287,0),(288,1,412,288,0),(289,1,413,289,0),(290,1,414,290,0),(291,1,417,291,0),(292,1,420,292,0),(293,1,422,293,0),(294,1,424,294,0),(295,1,425,295,0),(296,1,426,296,0),(297,1,427,297,0),(298,1,428,298,0),(299,1,429,299,0),(300,1,430,300,0),(301,1,432,301,0),(302,1,433,302,0),(303,1,435,303,0),(304,1,436,304,0),(305,1,437,305,0),(306,1,440,306,0),(307,1,442,307,0),(308,1,444,308,0),(309,1,446,309,0),(310,1,449,310,0),(311,1,451,311,0),(312,1,452,312,0),(313,1,455,313,0),(314,1,458,314,0),(315,1,459,315,0),(316,1,461,316,0),(317,1,464,317,0),(318,1,465,318,0),(319,1,467,319,0),(320,1,468,320,0),(321,1,472,321,0),(322,1,471,322,0),(323,1,473,323,0),(324,1,474,324,0),(325,1,477,325,0),(326,1,478,326,0),(327,1,479,327,0),(328,1,480,328,0),(329,1,481,329,0),(330,1,484,330,0),(331,1,485,331,0),(332,1,486,332,0),(333,1,487,333,0),(334,1,488,334,0),(335,1,489,335,0),(336,1,491,336,0),(337,1,492,337,0),(338,1,493,338,0),(339,1,494,339,0),(340,1,495,340,0),(341,1,496,341,0),(342,1,497,342,0),(343,1,499,343,0),(344,1,500,344,0),(345,1,501,345,0),(346,1,502,346,0),(347,1,503,347,0),(348,1,505,348,0),(349,1,508,349,0),(350,1,509,350,0),(351,1,510,351,0),(352,1,511,352,0),(353,1,514,353,0),(354,1,515,354,0),(355,1,517,355,0),(356,1,518,356,0),(357,1,519,357,0),(358,1,520,358,0),(359,1,522,359,0),(360,1,524,360,0),(361,1,525,361,0),(362,1,526,362,0),(363,1,528,363,0),(364,1,530,364,0),(365,1,529,365,0),(366,1,532,366,0),(367,1,533,367,0),(368,1,536,368,0),(369,1,537,369,0),(370,1,538,370,0),(371,1,541,371,0),(372,1,543,372,0),(373,1,544,373,0),(374,1,545,374,0),(375,1,546,375,0),(376,1,547,376,0),(377,1,551,377,0),(378,1,552,378,0),(379,1,554,379,0),(380,1,555,380,0),(381,1,556,381,0),(382,1,559,382,0),(383,1,560,383,0),(384,1,562,384,0),(385,1,563,385,0),(386,1,564,386,0),(387,1,565,387,0),(388,1,566,388,0),(389,1,568,389,0),(390,1,569,390,0),(391,1,570,391,0),(392,1,572,392,0),(393,1,573,393,0),(394,1,574,394,0),(395,1,575,395,0),(396,1,576,396,0),(397,1,577,397,0),(398,1,578,398,0),(399,1,579,399,0),(400,1,580,400,0),(401,1,582,401,0),(402,1,583,402,0),(403,1,584,403,0),(404,1,586,404,0),(405,1,587,405,0),(406,1,588,406,0),(407,1,589,407,0),(408,1,592,408,0),(409,1,591,409,0),(410,1,594,410,0),(411,1,598,411,0),(412,1,600,412,0),(413,1,602,413,0),(414,1,604,414,0),(415,1,606,415,0),(416,1,607,416,0),(417,1,609,417,0),(418,1,610,418,0),(419,1,611,419,0),(420,1,612,420,0),(421,1,613,421,0),(422,1,615,422,0),(423,1,4,423,0),(424,1,8,424,0),(425,1,9,425,0),(426,1,10,426,0),(427,1,20,427,0),(428,1,34,428,0),(429,1,37,429,0),(430,1,43,430,0),(431,1,48,431,0),(432,1,57,432,0),(433,1,62,433,0),(434,1,74,434,0),(435,1,87,435,0),(436,1,95,436,0),(437,1,96,437,0),(438,1,101,438,0),(439,1,102,439,0),(440,1,116,440,0),(441,1,136,441,0),(442,1,146,442,0),(443,1,149,443,0),(444,1,151,444,0),(445,1,156,445,0),(446,1,160,446,0),(447,1,175,447,0),(448,1,176,448,0),(449,1,178,449,0),(450,1,179,450,0),(451,1,182,451,0),(452,1,184,452,0),(453,1,187,453,0),(454,1,193,454,0),(455,1,197,455,0),(456,1,200,456,0),(457,1,203,457,0),(458,1,206,458,0),(459,1,207,459,0),(460,1,216,460,0),(461,1,218,461,0),(462,1,220,462,0),(463,1,223,463,0),(464,1,231,464,0),(465,1,235,465,0),(466,1,248,466,0),(467,1,253,467,0),(468,1,256,468,0),(469,1,257,469,0),(470,1,266,470,0),(471,1,267,471,0),(472,1,272,472,0),(473,1,273,473,0),(474,1,281,474,0),(475,1,285,475,0),(476,1,288,476,0),(477,1,287,477,0),(478,1,290,478,0),(479,1,291,479,0),(480,1,292,480,0),(481,1,293,481,0),(482,1,300,482,0),(483,1,305,483,0),(484,1,309,484,0),(485,1,311,485,0),(486,1,326,486,0),(487,1,336,487,0),(488,1,338,488,0),(489,1,347,489,0),(490,1,348,490,0),(491,1,352,491,0),(492,1,357,492,0),(493,1,363,493,0),(494,1,371,494,0),(495,1,372,495,0),(496,1,374,496,0),(497,1,381,497,0),(498,1,389,498,0),(499,1,391,499,0),(500,1,411,500,0),(501,1,416,501,0),(502,1,418,502,0),(503,1,423,503,0),(504,1,431,504,0),(505,1,438,505,0),(506,1,439,506,0),(507,1,448,507,0),(508,1,450,508,0),(509,1,456,509,0),(510,1,457,510,0),(511,1,460,511,0),(512,1,463,512,0),(513,1,462,513,0),(514,1,466,514,0),(515,1,469,515,0),(516,1,470,516,0),(517,1,475,517,0),(518,1,476,518,0),(519,1,482,519,0),(520,1,490,520,0),(521,1,498,521,0),(522,1,504,522,0),(523,1,506,523,0),(524,1,512,524,0),(525,1,527,525,0),(526,1,531,526,0),(527,1,534,527,0),(528,1,535,528,0),(529,1,542,529,0),(530,1,548,530,0),(531,1,550,531,0),(532,1,553,532,0),(533,1,557,533,0),(534,1,558,534,0),(535,1,561,535,0),(536,1,567,536,0),(537,1,571,537,0),(538,1,581,538,0),(539,1,585,539,0),(540,1,590,540,0),(541,1,593,541,0),(542,1,595,542,0),(543,1,596,543,0),(544,1,597,544,0),(545,1,599,545,0),(546,1,601,546,0),(547,1,605,547,0),(548,1,616,548,0);
/*!40000 ALTER TABLE `personnes_adresses` ENABLE KEYS */;
UNLOCK TABLES;
/*!40103 SET TIME_ZONE=@OLD_TIME_ZONE */;

/*!40101 SET SQL_MODE=@OLD_SQL_MODE */;
/*!40014 SET FOREIGN_KEY_CHECKS=@OLD_FOREIGN_KEY_CHECKS */;
/*!40014 SET UNIQUE_CHECKS=@OLD_UNIQUE_CHECKS */;
/*!40101 SET CHARACTER_SET_CLIENT=@OLD_CHARACTER_SET_CLIENT */;
/*!40101 SET CHARACTER_SET_RESULTS=@OLD_CHARACTER_SET_RESULTS */;
/*!40101 SET COLLATION_CONNECTION=@OLD_COLLATION_CONNECTION */;
/*!40111 SET SQL_NOTES=@OLD_SQL_NOTES */;

-- Dump completed on 2012-03-22 17:44:05
